id_aluna,dt_feed,age_a,motivo_n_dirige,dif_area,tot_aulas,id_inst,nota_inst,nota_escola,feed,nota
e4917f3b,2025-02-26,42,Insegurança em rodovias/velocidade,Controle de embreagem (Subidas),10,Giovana Cordeiro,5.0,4.0,Positivo,Finalmente fiz minha rota para o trabalho. Obrigada Giovana Cordeiro por toda a paciência!
d7784c2c,2024-06-03,40,Insegurança em rodovias/velocidade,Dirigir em rodovias,9,Sueli Lopes,5.0,4.0,Positivo,O carro com direção hidráulica e ar fez toda a diferença.
1d2f6b13,2024-08-21,38,Trauma (acidente anterior),Dirigir em rodovias,10,Maria Eduarda,5.0,,Positivo,
e59ddcfc,2023-10-02,36,Falta de prática (anos sem dirigir),Estacionar (Baliza/Vaga de shopping),16,Sueli Lopes,4.0,4.0,Positivo,
0a76dd9c,2025-08-24,36,Falta de prática (anos sem dirigir),Manobras em geral (Ré),8,Aline dos Santos,4.0,4.0,Positivo,
3dfeae1f,2024-01-17,45,Trauma (acidente anterior),Dirigir à noite / Chuva,16,Giovana Cordeiro,5.0,5.0,Positivo,Perdi totalmente o medo de dirigir graças à escola. Recomendo muito!
05d6af15,2023-12-08,49,Trânsito intenso / Agressividade,Trânsito intenso (Mudar de faixa),14,Aline dos Santos,5.0,5.0,Positivo,Aprendi a dirigir em rodovia e hoje viajo sozinha. Gratidão à Aline dos Santos.
4b2c542b,2023-01-28,34,Insegurança em rodovias/velocidade,Controle de embreagem (Subidas),10,Maria Eduarda,5.0,4.0,Positivo,"Valeu o investimento, hoje tenho minha independência."
fbe52974,2025-05-23,23,Trauma (acidente anterior),Dirigir em rodovias,9,Aline dos Santos,,5.0,,
736e243a,2024-09-24,26,Medo de errar e ser julgada,Manobras em geral (Ré),13,Aline dos Santos,4.0,5.0,Positivo,A Aline dos Santos me ensinou 'macetes' de estacionamento que nenhuma autoescola ensina.
20a45b61,2024-06-08,51,Medo de ladeiras/subidas,Dirigir em rodovias,13,Sueli Lopes,5.0,,Positivo,"Em apenas 5 aulas com a Sueli Lopes, minha evolução foi gigantesca."
b1c52e33,2023-11-05,46,Ansiedade geral / Pânico,Manobras em geral (Ré),7,Fatima Reis,3.0,2.0,Negativo,Não senti que evoluí. A Fatima Reis não entendeu meu medo real.
0e777724,2023-07-06,45,Medo de ladeiras/subidas,Dirigir à noite / Chuva,7,Giovana Cordeiro,2.0,2.0,Negativo,"A Giovana Cordeiro é boa, mas a escola é desorganizada para marcar as aulas."
d4ddf881,2025-07-26,23,Trauma (acidente anterior),Dirigir à noite / Chuva,9,Sueli Lopes,4.0,5.0,Positivo,"Em apenas 5 aulas com a Sueli Lopes, minha evolução foi gigantesca."
61b5ccbe,2024-11-16,38,Trânsito intenso / Agressividade,Dirigir em rodovias,14,Maria Eduarda,4.0,,Positivo,A instrutora Maria Eduarda foi incrível! Super paciente e me devolveu a confiança.
3f94e186,2025-03-25,31,Trânsito intenso / Agressividade,Trânsito intenso (Mudar de faixa),16,Maria Eduarda,4.0,4.0,Positivo,"Valeu o investimento, hoje tenho minha independência."
cb68c60e,2023-10-01,27,Trânsito intenso / Agressividade,Estacionar (Baliza/Vaga de shopping),13,Maria Eduarda,4.0,5.0,Positivo,"Aulas focadas no que eu realmente precisava, sem enrolação."
9b94dfaa,2025-03-24,38,Ansiedade geral / Pânico,Manobras em geral (Ré),3,Giovana Cordeiro,3.0,2.0,Negativo,Cancelei uma aula com 24h de antecedência e mesmo assim a escola me cobrou.
ae6736e5,2023-10-14,51,Trauma (acidente anterior),Estacionar (Baliza/Vaga de shopping),10,Fatima Reis,1.0,4.0,Negativo,"A didática da Fatima Reis era confusa, ela falava muito rápido."
eb156e44,2023-02-22,54,Falta de prática (anos sem dirigir),Trânsito intenso (Mudar de faixa),11,Giovana Cordeiro,5.0,5.0,Positivo,"A comunicação com a escola é fácil, respondem rápido no WhatsApp."
7dd0daa6,2023-12-24,29,Trauma (acidente anterior),Manobras em geral (Ré),12,Giovana Cordeiro,5.0,4.0,Positivo,Aprendi a dirigir em rodovia e hoje viajo sozinha. Gratidão à Giovana Cordeiro.
0f41247a,2024-03-30,29,Medo de errar e ser julgada,Dirigir à noite / Chuva,10,Aline dos Santos,5.0,,Positivo,"Desde a recepção até a instrutora, todos na escola são muito atenciosos."
c2ce1a4e,2025-02-16,54,Medo de errar e ser julgada,Trânsito intenso (Mudar de faixa),16,Sueli Lopes,5.0,4.0,Positivo,A instrutora Sueli Lopes foi incrível! Super paciente e me devolveu a confiança.
98885a91,2025-01-20,27,Medo de ladeiras/subidas,Dirigir à noite / Chuva,19,Aline dos Santos,4.0,4.0,Positivo,O método de ensino é progressivo e respeita o limite da aluna.
52aa2c47,2025-07-29,50,Insegurança em rodovias/velocidade,Controle de embreagem (Subidas),13,Maria Eduarda,5.0,5.0,Positivo,
08faf288,2023-02-22,43,Ansiedade geral / Pânico,Dirigir à noite / Chuva,8,Fatima Reis,1.0,4.0,Negativo,
ad7d2a5d,2023-12-04,43,Falta de prática (anos sem dirigir),Dirigir à noite / Chuva,19,Maria Eduarda,4.0,4.0,Positivo,
f22e7add,2024-01-14,48,Trânsito intenso / Agressividade,Trânsito intenso (Mudar de faixa),17,Giovana Cordeiro,4.0,5.0,Positivo,Agora sim me sinto habilitada de verdade! Obrigada Giovana Cordeiro!
07ddf2e7,2025-06-11,36,Falta de prática (anos sem dirigir),Estacionar (Baliza/Vaga de shopping),12,Giovana Cordeiro,4.0,5.0,Positivo,Perdi totalmente o medo de dirigir graças à escola. Recomendo muito!
4aa08c81,2025-08-14,27,Trânsito intenso / Agressividade,Dirigir em rodovias,14,Giovana Cordeiro,4.0,5.0,Positivo,Ela me ensinou a dirigir na chuva e à noite. Estou pronta!
9c4bd00e,2024-05-20,48,Medo de ladeiras/subidas,Controle de embreagem (Subidas),20,Sueli Lopes,4.0,5.0,Positivo,Finalmente fiz minha rota para o trabalho. Obrigada Sueli Lopes por toda a paciência!
2fd6cd12,2023-10-08,51,Ansiedade geral / Pânico,Estacionar (Baliza/Vaga de shopping),7,Fatima Reis,3.0,2.0,Negativo,"Ela não me ensinou a estacionar direito, só ficamos andando pelo bairro."
20584143,2023-06-26,28,Ansiedade geral / Pânico,Manobras em geral (Ré),18,Giovana Cordeiro,4.0,4.0,Positivo,Ela entendeu exatamente meu medo (ladeiras) e focou nisso até eu me sentir segura.
c63f209b,2023-08-10,41,Falta de prática (anos sem dirigir),Manobras em geral (Ré),12,Maria Eduarda,4.0,5.0,Positivo,Recomendo a Maria Eduarda para qualquer pessoa que tenha pânico de dirigir.
09544d8c,2025-09-21,30,Ansiedade geral / Pânico,Estacionar (Baliza/Vaga de shopping),13,Giovana Cordeiro,,5.0,,Excelente didática. Agora consigo estacionar e andar no trânsito sem ansiedade.
cb6258cb,2023-02-18,34,Medo de ladeiras/subidas,Trânsito intenso (Mudar de faixa),8,Sueli Lopes,3.0,2.0,Negativo,Instrutora Sueli Lopes chegou atrasada e não pareceu se importar.
68cccb99,2023-02-04,34,Falta de prática (anos sem dirigir),Dirigir à noite / Chuva,5,Fatima Reis,2.0,,Negativo,A Fatima Reis ficava me apressando na hora de estacionar.
0bac5d52,2025-01-02,30,Medo de ladeiras/subidas,Trânsito intenso (Mudar de faixa),15,Maria Eduarda,5.0,,Positivo,"O atendimento da escola foi ótimo, e as aulas com a Maria Eduarda foram perfeitas."
42633276,2024-02-20,27,Medo de ladeiras/subidas,Controle de embreagem (Subidas),8,Fatima Reis,3.0,3.0,Negativo,"O ar-condicionado do carro estava quebrado, foi horrível dirigir no calor."
6dd71abe,2024-02-17,41,Insegurança em rodovias/velocidade,Manobras em geral (Ré),8,Sueli Lopes,5.0,5.0,Positivo,Agora sim me sinto habilitada de verdade! Obrigada Sueli Lopes!
024e974d,2023-02-20,44,Trauma (acidente anterior),Dirigir em rodovias,15,Aline dos Santos,4.0,5.0,Positivo,"Valeu o investimento, hoje tenho minha independência."
f2ae1bda,2025-06-06,44,Trânsito intenso / Agressividade,Manobras em geral (Ré),17,Giovana Cordeiro,5.0,5.0,Positivo,Excelente didática. Agora consigo estacionar e andar no trânsito sem ansiedade.
3ad8188f,2023-11-28,26,Medo de errar e ser julgada,Manobras em geral (Ré),18,Giovana Cordeiro,5.0,,Positivo,
bc059533,2024-06-16,39,Falta de prática (anos sem dirigir),Manobras em geral (Ré),19,Aline dos Santos,4.0,5.0,Positivo,Recomendo a Aline dos Santos para qualquer pessoa que tenha pânico de dirigir.
623638eb,2023-12-22,36,Falta de prática (anos sem dirigir),Controle de embreagem (Subidas),13,Sueli Lopes,5.0,5.0,Positivo,
de41fe19,2023-07-11,30,Trauma (acidente anterior),Trânsito intenso (Mudar de faixa),18,Aline dos Santos,5.0,4.0,Positivo,"O atendimento da escola foi ótimo, e as aulas com a Aline dos Santos foram perfeitas."
feafd48f,2024-10-10,23,Ansiedade geral / Pânico,Estacionar (Baliza/Vaga de shopping),18,Giovana Cordeiro,4.0,5.0,Positivo,Excelente didática. Agora consigo estacionar e andar no trânsito sem ansiedade.
d5e64d0f,2023-12-13,24,Falta de prática (anos sem dirigir),Dirigir em rodovias,18,Maria Eduarda,4.0,4.0,Positivo,"O atendimento da escola foi ótimo, e as aulas com a Maria Eduarda foram perfeitas."
b887e8ca,2023-05-12,52,Trauma (acidente anterior),Controle de embreagem (Subidas),17,Aline dos Santos,4.0,4.0,Positivo,Perdi totalmente o medo de dirigir graças à escola. Recomendo muito!
2db34da7,2024-05-24,33,Falta de prática (anos sem dirigir),Trânsito intenso (Mudar de faixa),9,Giovana Cordeiro,4.0,4.0,Positivo,Consegui vencer meu trauma. A Giovana Cordeiro foi fundamental nesse processo.
c7d595f3,2025-03-04,33,Medo de errar e ser julgada,Dirigir em rodovias,9,Fatima Reis,3.0,,Negativo,Não senti que evoluí. A Fatima Reis não entendeu meu medo real.
d84d0919,2025-10-31,25,Trauma (acidente anterior),Estacionar (Baliza/Vaga de shopping),18,Giovana Cordeiro,4.0,5.0,Positivo,Perdi totalmente o medo de dirigir graças à escola. Recomendo muito!
de87882b,2024-01-21,34,Trauma (acidente anterior),Controle de embreagem (Subidas),16,Maria Eduarda,5.0,5.0,Positivo,Fiz a aula no meu próprio carro e foi ótimo para eu pegar confiança nele.
d97deed4,2024-09-30,29,Falta de prática (anos sem dirigir),Dirigir em rodovias,9,Aline dos Santos,4.0,4.0,Positivo,A instrutora Aline dos Santos tem uma energia ótima e tornou as aulas leves e divertidas.
83196856,2023-12-21,23,Medo de errar e ser julgada,Dirigir em rodovias,9,Aline dos Santos,2.0,3.0,Negativo,Não senti segurança no método da Aline dos Santos. Muito fraco.
f9811eee,2025-09-26,54,Medo de ladeiras/subidas,Trânsito intenso (Mudar de faixa),10,Fatima Reis,3.0,3.0,Negativo,"Ela não me ensinou a estacionar direito, só ficamos andando pelo bairro."
1ea5760e,2025-08-01,33,Trânsito intenso / Agressividade,Manobras em geral (Ré),20,Sueli Lopes,4.0,5.0,Positivo,"Desde a recepção até a instrutora, todos na escola são muito atenciosos."
6ae295b8,2023-11-12,38,Trauma (acidente anterior),Dirigir em rodovias,13,Fatima Reis,5.0,5.0,Positivo,"A instrutora Fatima Reis é calma, simpática e passa muita tranquilidade."
a2f123ee,2024-09-26,42,Medo de ladeiras/subidas,Controle de embreagem (Subidas),15,Giovana Cordeiro,5.0,5.0,Positivo,"Desde a recepção até a instrutora, todos na escola são muito atenciosos."
690f5ade,2023-06-11,41,Falta de prática (anos sem dirigir),Dirigir à noite / Chuva,8,Giovana Cordeiro,4.0,4.0,Positivo,"Aulas focadas no que eu realmente precisava, sem enrolação."
2201fb0c,2024-04-12,38,Ansiedade geral / Pânico,Dirigir em rodovias,14,Sueli Lopes,5.0,5.0,Positivo,A instrutora Sueli Lopes me deu dicas que vou levar para a vida.
f27e2de7,2023-03-09,39,Medo de errar e ser julgada,Manobras em geral (Ré),13,Sueli Lopes,5.0,5.0,Positivo,Recomendo a Sueli Lopes para qualquer pessoa que tenha pânico de dirigir.
6529e7e2,2024-05-24,52,Falta de prática (anos sem dirigir),Controle de embreagem (Subidas),15,Maria Eduarda,4.0,5.0,Positivo,
c164a27d,2023-09-24,29,Trauma (acidente anterior),Dirigir à noite / Chuva,10,Sueli Lopes,4.0,4.0,Positivo,Perdi totalmente o medo de dirigir graças à escola. Recomendo muito!
4cfd8444,2023-10-09,54,Medo de ladeiras/subidas,Controle de embreagem (Subidas),8,Giovana Cordeiro,4.0,4.0,Positivo,Recomendo a Giovana Cordeiro para qualquer pessoa que tenha pânico de dirigir.
190a6a1a,2023-11-17,45,Falta de prática (anos sem dirigir),Dirigir em rodovias,9,Giovana Cordeiro,5.0,4.0,Positivo,A instrutora Giovana Cordeiro tem uma energia ótima e tornou as aulas leves e divertidas.
75e25608,2025-08-07,43,Insegurança em rodovias/velocidade,Manobras em geral (Ré),18,Sueli Lopes,,5.0,,A instrutora Sueli Lopes foi incrível! Super paciente e me devolveu a confiança.
bf4338b7,2024-12-27,53,Falta de prática (anos sem dirigir),Manobras em geral (Ré),14,Giovana Cordeiro,5.0,5.0,Positivo,"O carro da aula era novo, limpo e muito fácil de dirigir."
80980b95,2024-11-28,36,Medo de errar e ser julgada,Dirigir em rodovias,16,Aline dos Santos,5.0,4.0,Positivo,
e20feb60,2023-03-10,54,Medo de ladeiras/subidas,Manobras em geral (Ré),16,Giovana Cordeiro,5.0,4.0,Positivo,
f59b2faa,2024-04-26,50,Medo de errar e ser julgada,Manobras em geral (Ré),15,Sueli Lopes,5.0,5.0,Positivo,
744e5c53,2023-12-02,34,Medo de ladeiras/subidas,Dirigir à noite / Chuva,11,Maria Eduarda,5.0,,Positivo,"O atendimento da escola foi ótimo, e as aulas com a Maria Eduarda foram perfeitas."
cda29ece,2025-06-02,23,Falta de prática (anos sem dirigir),Trânsito intenso (Mudar de faixa),17,Maria Eduarda,5.0,4.0,Positivo,Ela foi muito profissional ao lidar com minha crise de ansiedade na primeira aula.
e330c879,2023-02-02,48,Insegurança em rodovias/velocidade,Controle de embreagem (Subidas),19,Aline dos Santos,5.0,4.0,Positivo,Ela foi muito profissional ao lidar com minha crise de ansiedade na primeira aula.
eeb96cd9,2023-10-21,34,Ansiedade geral / Pânico,Controle de embreagem (Subidas),17,Sueli Lopes,4.0,5.0,Positivo,Perdi totalmente o medo de dirigir graças à escola. Recomendo muito!
42a621d3,2023-10-04,54,Insegurança em rodovias/velocidade,Trânsito intenso (Mudar de faixa),9,Fatima Reis,1.0,,Negativo,"Pedi para treinar em rodovia e a Fatima Reis desconversou, disse que não precisava."
30f519ea,2023-11-30,49,Medo de ladeiras/subidas,Dirigir à noite / Chuva,4,Aline dos Santos,2.0,4.0,Negativo,"A instrutora Aline dos Santos criticou como eu segurava o volante o tempo todo, de forma grosseira."
b05c2aff,2024-03-28,27,Trauma (acidente anterior),Trânsito intenso (Mudar de faixa),9,Fatima Reis,2.0,2.0,Negativo,"Paguei por 60 minutos, mas a aula com a Fatima Reis terminou 10 minutos antes."
ae60a2f8,2025-08-08,49,Insegurança em rodovias/velocidade,Manobras em geral (Ré),12,Sueli Lopes,5.0,4.0,Positivo,O método de ensino é progressivo e respeita o limite da aluna.
0f3fa2bd,2023-08-27,44,Trauma (acidente anterior),Dirigir em rodovias,6,Giovana Cordeiro,2.0,2.0,Negativo,
def5b6c2,2025-04-02,44,Insegurança em rodovias/velocidade,Dirigir em rodovias,15,Giovana Cordeiro,5.0,5.0,Positivo,
807cd010,2023-11-27,43,Trauma (acidente anterior),Estacionar (Baliza/Vaga de shopping),9,Fatima Reis,3.0,3.0,Negativo,Cancelei uma aula com 24h de antecedência e mesmo assim a escola me cobrou.
77f96f2f,2025-08-26,24,Medo de errar e ser julgada,Dirigir à noite / Chuva,20,Maria Eduarda,4.0,5.0,Positivo,Ela entendeu exatamente meu medo (ladeiras) e focou nisso até eu me sentir segura.
f0c689ef,2024-10-10,51,Trânsito intenso / Agressividade,Estacionar (Baliza/Vaga de shopping),16,Maria Eduarda,4.0,5.0,Positivo,"A comunicação com a escola é fácil, respondem rápido no WhatsApp."
3f53fb10,2023-04-13,22,Insegurança em rodovias/velocidade,Trânsito intenso (Mudar de faixa),18,Maria Eduarda,4.0,,Positivo,A Maria Eduarda me ensinou 'macetes' de estacionamento que nenhuma autoescola ensina.
18e058dd,2023-10-14,55,Ansiedade geral / Pânico,Manobras em geral (Ré),10,Aline dos Santos,5.0,,Positivo,Consegui vencer meu trauma. A Aline dos Santos foi fundamental nesse processo.
1d976b38,2023-10-21,43,Insegurança em rodovias/velocidade,Dirigir em rodovias,13,Aline dos Santos,5.0,4.0,Positivo,"Desde a recepção até a instrutora, todos na escola são muito atenciosos."
19357326,2024-05-02,51,Medo de errar e ser julgada,Controle de embreagem (Subidas),10,Sueli Lopes,5.0,5.0,Positivo,A flexibilidade de horários da escola me ajudou muito.
bc3aa65a,2024-10-22,51,Trânsito intenso / Agressividade,Manobras em geral (Ré),10,Giovana Cordeiro,3.0,,Negativo,O carro falhou duas vezes na subida. Fiquei mais nervosa do que já estava.
2fff001a,2024-08-17,45,Insegurança em rodovias/velocidade,Trânsito intenso (Mudar de faixa),10,Sueli Lopes,2.0,3.0,Negativo,Faltou empatia. A Sueli Lopes disse que 'era só dirigir' e que meu medo era bobo.
7857c7c8,2025-06-19,32,Medo de ladeiras/subidas,Dirigir em rodovias,6,Fatima Reis,3.0,3.0,Negativo,O carro da aula estava com cheiro ruim e parecia sujo.
aa1da6a6,2023-08-28,24,Medo de ladeiras/subidas,Trânsito intenso (Mudar de faixa),19,Maria Eduarda,4.0,4.0,Positivo,Fiz a aula no meu próprio carro e foi ótimo para eu pegar confiança nele.
1fa39faf,2023-06-23,37,Falta de prática (anos sem dirigir),Manobras em geral (Ré),18,Sueli Lopes,5.0,5.0,Positivo,Aprendi a dirigir em rodovia e hoje viajo sozinha. Gratidão à Sueli Lopes.
d98410f2,2025-08-09,26,Medo de errar e ser julgada,Dirigir em rodovias,12,Sueli Lopes,4.0,4.0,Positivo,
baed3023,2023-08-25,44,Trauma (acidente anterior),Trânsito intenso (Mudar de faixa),14,Maria Eduarda,5.0,5.0,Positivo,"A Maria Eduarda não gritou, não foi irônica. Foi 100% apoio."
75691da7,2023-10-16,36,Insegurança em rodovias/velocidade,Manobras em geral (Ré),19,Maria Eduarda,,4.0,,"A instrutora Maria Eduarda é calma, simpática e passa muita tranquilidade."
6776597b,2023-05-31,45,Ansiedade geral / Pânico,Trânsito intenso (Mudar de faixa),8,Giovana Cordeiro,5.0,5.0,Positivo,
e3962664,2023-12-26,48,Medo de ladeiras/subidas,Manobras em geral (Ré),11,Sueli Lopes,5.0,4.0,Positivo,"Valeu o investimento, hoje tenho minha independência."
18c8c297,2023-07-24,52,Insegurança em rodovias/velocidade,Manobras em geral (Ré),19,Aline dos Santos,4.0,4.0,Positivo,"Achei que nunca mais ia dirigir, mas o método da Aline dos Santos funciona. Estou feliz!"
9fafee65,2025-07-13,30,Medo de ladeiras/subidas,Controle de embreagem (Subidas),9,Giovana Cordeiro,3.0,2.0,Negativo,A Giovana Cordeiro parecia impaciente e mexeu no celular durante a aula.
3921ef2f,2023-01-15,38,Trânsito intenso / Agressividade,Trânsito intenso (Mudar de faixa),8,Aline dos Santos,4.0,4.0,Positivo,"A Aline dos Santos não gritou, não foi irônica. Foi 100% apoio."
9a23d51e,2024-11-20,36,Medo de ladeiras/subidas,Manobras em geral (Ré),8,Fatima Reis,4.0,,Positivo,Perdi totalmente o medo de dirigir graças à escola. Recomendo muito!
6d931b15,2025-03-08,55,Insegurança em rodovias/velocidade,Dirigir em rodovias,15,Giovana Cordeiro,5.0,4.0,Positivo,
c08b39cb,2023-07-20,24,Trânsito intenso / Agressividade,Dirigir à noite / Chuva,9,Fatima Reis,2.0,4.0,Negativo,A Fatima Reis ficava me apressando na hora de estacionar.
9431bc87,2025-05-19,26,Medo de errar e ser julgada,Dirigir à noite / Chuva,7,Fatima Reis,1.0,3.0,Negativo,A Fatima Reis ficava me apressando na hora de estacionar.
b26641f9,2025-01-24,55,Falta de prática (anos sem dirigir),Trânsito intenso (Mudar de faixa),9,Aline dos Santos,4.0,5.0,Positivo,A instrutora Aline dos Santos me deu dicas que vou levar para a vida.
608df854,2025-09-04,29,Medo de ladeiras/subidas,Manobras em geral (Ré),17,Maria Eduarda,5.0,5.0,Positivo,A instrutora Maria Eduarda foi incrível! Super paciente e me devolveu a confiança.
7745ea28,2024-06-25,37,Medo de ladeiras/subidas,Estacionar (Baliza/Vaga de shopping),16,Maria Eduarda,5.0,4.0,Positivo,
fd13594f,2024-09-18,50,Medo de ladeiras/subidas,Controle de embreagem (Subidas),7,Fatima Reis,,4.0,,"Não senti firmeza na Fatima Reis, ela parecia tão nervosa quanto eu."
f53117ab,2024-02-28,38,Trauma (acidente anterior),Manobras em geral (Ré),10,Sueli Lopes,5.0,5.0,Positivo,Perdi totalmente o medo de dirigir graças à escola. Recomendo muito!
649eaa3c,2025-10-15,42,Medo de errar e ser julgada,Dirigir em rodovias,12,Maria Eduarda,4.0,4.0,Positivo,
68dd4b87,2024-02-29,22,Trânsito intenso / Agressividade,Dirigir em rodovias,9,Aline dos Santos,5.0,4.0,Positivo,"A Aline dos Santos não gritou, não foi irônica. Foi 100% apoio."
afc3a272,2025-06-13,46,Falta de prática (anos sem dirigir),Controle de embreagem (Subidas),16,Aline dos Santos,4.0,5.0,Positivo,Fiz a aula no meu próprio carro e foi ótimo para eu pegar confiança nele.
81847cfb,2024-11-04,28,Insegurança em rodovias/velocidade,Dirigir à noite / Chuva,8,Giovana Cordeiro,4.0,5.0,Positivo,"Didática excelente da Giovana Cordeiro, me senti segura desde a primeira aula."
9c7e0732,2024-07-19,31,Medo de errar e ser julgada,Dirigir em rodovias,4,Fatima Reis,1.0,2.0,Negativo,A escola nunca atende o telefone. Difícil conseguir contato.
87a5bd65,2023-03-12,30,Trauma (acidente anterior),Estacionar (Baliza/Vaga de shopping),8,Maria Eduarda,2.0,4.0,Negativo,O carro da aula estava com cheiro ruim e parecia sujo.
da14d998,2024-11-30,22,Trauma (acidente anterior),Controle de embreagem (Subidas),6,Sueli Lopes,2.0,3.0,Negativo,"Pedi para treinar em rodovia e a Sueli Lopes desconversou, disse que não precisava."
6cabe359,2023-12-30,25,Falta de prática (anos sem dirigir),Trânsito intenso (Mudar de faixa),16,Giovana Cordeiro,5.0,,Positivo,
dec80105,2024-09-26,23,Trânsito intenso / Agressividade,Controle de embreagem (Subidas),18,Aline dos Santos,4.0,4.0,Positivo,"Desde a recepção até a instrutora, todos na escola são muito atenciosos."
5584e3df,2024-01-04,33,Trânsito intenso / Agressividade,Manobras em geral (Ré),16,Sueli Lopes,5.0,4.0,Positivo,O carro com direção hidráulica e ar fez toda a diferença.
974f65d4,2023-10-19,23,Trauma (acidente anterior),Estacionar (Baliza/Vaga de shopping),10,Maria Eduarda,,4.0,,"Valeu o investimento, hoje tenho minha independência."
22fe0ab9,2023-05-20,38,Falta de prática (anos sem dirigir),Estacionar (Baliza/Vaga de shopping),10,Aline dos Santos,5.0,,Positivo,Perdi totalmente o medo de dirigir graças à escola. Recomendo muito!
acb8421b,2025-06-13,47,Trânsito intenso / Agressividade,Trânsito intenso (Mudar de faixa),14,Maria Eduarda,4.0,4.0,Positivo,Ela me ensinou a dirigir na chuva e à noite. Estou pronta!
152a5c70,2024-12-18,28,Ansiedade geral / Pânico,Trânsito intenso (Mudar de faixa),8,Giovana Cordeiro,5.0,5.0,Positivo,O método de ensino é progressivo e respeita o limite da aluna.
67699bca,2024-05-16,42,Ansiedade geral / Pânico,Trânsito intenso (Mudar de faixa),18,Sueli Lopes,,4.0,,Finalmente fiz minha rota para o trabalho. Obrigada Sueli Lopes por toda a paciência!
e156ceb2,2024-06-02,54,Medo de errar e ser julgada,Controle de embreagem (Subidas),11,Giovana Cordeiro,5.0,5.0,Positivo,A flexibilidade de horários da escola me ajudou muito.
2e41cd64,2024-11-15,47,Insegurança em rodovias/velocidade,Dirigir à noite / Chuva,6,Maria Eduarda,2.0,3.0,Negativo,A Maria Eduarda ficava me apressando na hora de estacionar.
6e5260e5,2025-03-12,47,Medo de ladeiras/subidas,Dirigir à noite / Chuva,9,Sueli Lopes,5.0,5.0,Positivo,Ela me ensinou a dirigir na chuva e à noite. Estou pronta!
02205973,2025-05-30,46,Trauma (acidente anterior),Dirigir à noite / Chuva,5,Fatima Reis,2.0,3.0,Negativo,A Fatima Reis parecia impaciente e mexeu no celular durante a aula.
f452ef40,2023-05-25,45,Trauma (acidente anterior),Dirigir à noite / Chuva,17,Aline dos Santos,4.0,5.0,Positivo,A Aline dos Santos me ensinou 'macetes' de estacionamento que nenhuma autoescola ensina.
0022638d,2024-10-19,22,Medo de errar e ser julgada,Controle de embreagem (Subidas),13,Giovana Cordeiro,5.0,5.0,Positivo,
2ed6cbe5,2023-04-20,39,Insegurança em rodovias/velocidade,Controle de embreagem (Subidas),8,Giovana Cordeiro,5.0,4.0,Positivo,A instrutora Giovana Cordeiro tem uma energia ótima e tornou as aulas leves e divertidas.
d1819c29,2024-08-07,23,Medo de ladeiras/subidas,Estacionar (Baliza/Vaga de shopping),20,Maria Eduarda,5.0,5.0,Positivo,"Desde a recepção até a instrutora, todos na escola são muito atenciosos."
e2f6a444,2023-01-20,55,Trauma (acidente anterior),Controle de embreagem (Subidas),10,Aline dos Santos,4.0,4.0,Positivo,A flexibilidade de horários da escola me ajudou muito.
23a43a3a,2023-12-23,49,Trauma (acidente anterior),Estacionar (Baliza/Vaga de shopping),7,Sueli Lopes,3.0,3.0,Negativo,"A Sueli Lopes é boa, mas a escola é desorganizada para marcar as aulas."
cbcac0b6,2023-07-18,25,Medo de ladeiras/subidas,Trânsito intenso (Mudar de faixa),8,Fatima Reis,1.0,4.0,Negativo,Não gostei da abordagem. Parecia que ela estava com pressa para terminar a aula.
edbaa0f1,2024-03-14,39,Medo de ladeiras/subidas,Dirigir à noite / Chuva,4,Giovana Cordeiro,3.0,4.0,Negativo,O carro que usei na aula era muito velho e a direção era dura.
d77344a0,2023-04-09,32,Medo de ladeiras/subidas,Dirigir em rodovias,15,Maria Eduarda,,,,Recomendo a Maria Eduarda para qualquer pessoa que tenha pânico de dirigir.
f0947ffd,2025-08-23,32,Falta de prática (anos sem dirigir),Trânsito intenso (Mudar de faixa),9,Maria Eduarda,4.0,4.0,Positivo,
814ef69a,2025-01-28,35,Medo de errar e ser julgada,Manobras em geral (Ré),8,Sueli Lopes,5.0,5.0,Positivo,Consegui vencer meu trauma. A Sueli Lopes foi fundamental nesse processo.
d4bf5877,2025-03-22,44,Falta de prática (anos sem dirigir),Manobras em geral (Ré),5,Fatima Reis,1.0,3.0,Negativo,Não senti segurança no método da Fatima Reis. Muito fraco.
2b902ec7,2024-01-16,35,Medo de errar e ser julgada,Dirigir à noite / Chuva,6,Fatima Reis,3.0,4.0,Negativo,A Fatima Reis ficava me apressando na hora de estacionar.
21eb2e81,2024-01-29,31,Ansiedade geral / Pânico,Estacionar (Baliza/Vaga de shopping),14,Giovana Cordeiro,5.0,5.0,Positivo,Recomendo a Giovana Cordeiro para qualquer pessoa que tenha pânico de dirigir.
fce790a4,2023-08-09,47,Medo de errar e ser julgada,Manobras em geral (Ré),6,Fatima Reis,2.0,3.0,Negativo,A Fatima Reis parecia impaciente e mexeu no celular durante a aula.
54b89179,2025-03-26,24,Medo de errar e ser julgada,Dirigir em rodovias,5,Fatima Reis,3.0,2.0,Negativo,"Ela não me ensinou a estacionar direito, só ficamos andando pelo bairro."
11740915,2025-11-10,35,Medo de ladeiras/subidas,Controle de embreagem (Subidas),19,Sueli Lopes,4.0,,Positivo,"A Sueli Lopes não gritou, não foi irônica. Foi 100% apoio."
3e1f7388,2023-12-15,30,Trânsito intenso / Agressividade,Estacionar (Baliza/Vaga de shopping),17,Sueli Lopes,5.0,5.0,Positivo,
1332724b,2025-05-11,23,Falta de prática (anos sem dirigir),Controle de embreagem (Subidas),13,Fatima Reis,5.0,5.0,Positivo,A Fatima Reis me ensinou 'macetes' de estacionamento que nenhuma autoescola ensina.
4aae01cf,2023-08-21,53,Ansiedade geral / Pânico,Controle de embreagem (Subidas),14,Sueli Lopes,4.0,5.0,Positivo,"O carro da aula era novo, limpo e muito fácil de dirigir."
b091949a,2024-02-29,50,Trauma (acidente anterior),Trânsito intenso (Mudar de faixa),18,Aline dos Santos,4.0,,Positivo,Excelente didática. Agora consigo estacionar e andar no trânsito sem ansiedade.
4160ea70,2024-08-07,28,Trânsito intenso / Agressividade,Dirigir à noite / Chuva,20,Giovana Cordeiro,4.0,4.0,Positivo,"A Giovana Cordeiro não gritou, não foi irônica. Foi 100% apoio."
c936eede,2024-02-07,39,Trânsito intenso / Agressividade,Manobras em geral (Ré),19,Giovana Cordeiro,4.0,4.0,Positivo,Excelente didática. Agora consigo estacionar e andar no trânsito sem ansiedade.
2f2983a8,2023-02-05,30,Medo de errar e ser julgada,Dirigir à noite / Chuva,15,Maria Eduarda,4.0,4.0,Positivo,Consegui vencer meu trauma. A Maria Eduarda foi fundamental nesse processo.
a4d52c31,2023-01-15,36,Insegurança em rodovias/velocidade,Dirigir em rodovias,8,Maria Eduarda,4.0,5.0,Positivo,"A Maria Eduarda não gritou, não foi irônica. Foi 100% apoio."
1cd62537,2025-10-07,29,Insegurança em rodovias/velocidade,Controle de embreagem (Subidas),11,Aline dos Santos,5.0,5.0,Positivo,A instrutora Aline dos Santos me deu dicas que vou levar para a vida.
9b06abe0,2024-03-26,28,Trauma (acidente anterior),Dirigir à noite / Chuva,13,Aline dos Santos,4.0,4.0,Positivo,A Aline dos Santos me ensinou 'macetes' de estacionamento que nenhuma autoescola ensina.
bdfa1549,2024-04-23,51,Trauma (acidente anterior),Manobras em geral (Ré),13,Aline dos Santos,4.0,4.0,Positivo,"O carro da aula era novo, limpo e muito fácil de dirigir."
cb9fbab2,2023-02-08,48,Insegurança em rodovias/velocidade,Dirigir à noite / Chuva,20,Maria Eduarda,5.0,5.0,Positivo,
bceb8a63,2025-09-03,47,Falta de prática (anos sem dirigir),Controle de embreagem (Subidas),3,Maria Eduarda,3.0,3.0,Negativo,O carro que usei na aula era muito velho e a direção era dura.
3f8cd94b,2023-11-29,41,Insegurança em rodovias/velocidade,Dirigir à noite / Chuva,18,Aline dos Santos,4.0,5.0,Positivo,Ela me ensinou a dirigir na chuva e à noite. Estou pronta!
7a4611a2,2023-01-04,34,Trânsito intenso / Agressividade,Manobras em geral (Ré),9,Fatima Reis,3.0,4.0,Negativo,Instrutora Fatima Reis chegou atrasada e não pareceu se importar.
49e929bc,2024-11-22,33,Ansiedade geral / Pânico,Estacionar (Baliza/Vaga de shopping),5,Fatima Reis,2.0,3.0,Negativo,Faltou empatia. A Fatima Reis disse que 'era só dirigir' e que meu medo era bobo.
28afdcd9,2024-11-12,45,Ansiedade geral / Pânico,Dirigir em rodovias,17,Giovana Cordeiro,5.0,4.0,Positivo,Consegui vencer meu trauma. A Giovana Cordeiro foi fundamental nesse processo.
38221231,2023-04-14,43,Medo de errar e ser julgada,Trânsito intenso (Mudar de faixa),12,Aline dos Santos,4.0,5.0,Positivo,"O carro da aula era novo, limpo e muito fácil de dirigir."
5e26e3b2,2024-07-12,50,Ansiedade geral / Pânico,Estacionar (Baliza/Vaga de shopping),8,Sueli Lopes,5.0,4.0,Positivo,O carro com direção hidráulica e ar fez toda a diferença.
440e99b7,2024-10-13,48,Trânsito intenso / Agressividade,Manobras em geral (Ré),5,Fatima Reis,1.0,,Negativo,Instrutora Fatima Reis chegou atrasada e não pareceu se importar.
b59375b0,2024-08-05,46,Ansiedade geral / Pânico,Manobras em geral (Ré),18,Maria Eduarda,4.0,,Positivo,A instrutora Maria Eduarda foi incrível! Super paciente e me devolveu a confiança.
1c9fa5f6,2025-04-08,29,Insegurança em rodovias/velocidade,Estacionar (Baliza/Vaga de shopping),20,Aline dos Santos,4.0,5.0,Positivo,Ela foi muito profissional ao lidar com minha crise de ansiedade na primeira aula.
f48d52e0,2023-02-04,25,Trauma (acidente anterior),Controle de embreagem (Subidas),13,Giovana Cordeiro,5.0,5.0,Positivo,Agora sim me sinto habilitada de verdade! Obrigada Giovana Cordeiro!
42445b8e,2023-06-04,39,Insegurança em rodovias/velocidade,Dirigir à noite / Chuva,11,Giovana Cordeiro,5.0,5.0,Positivo,Fiz a aula no meu próprio carro e foi ótimo para eu pegar confiança nele.
54136868,2023-03-04,43,Medo de errar e ser julgada,Estacionar (Baliza/Vaga de shopping),14,Aline dos Santos,4.0,4.0,Positivo,
b6c1d075,2023-09-04,42,Medo de errar e ser julgada,Trânsito intenso (Mudar de faixa),5,Fatima Reis,2.0,3.0,Negativo,A escola mudou meu horário em cima da hora várias vezes.
b7a987cb,2024-06-21,45,Insegurança em rodovias/velocidade,Dirigir em rodovias,10,Giovana Cordeiro,2.0,,Negativo,
396540ad,2023-05-14,38,Trânsito intenso / Agressividade,Manobras em geral (Ré),12,Giovana Cordeiro,4.0,5.0,Positivo,"O carro da aula era novo, limpo e muito fácil de dirigir."
6c774ffc,2025-01-17,49,Falta de prática (anos sem dirigir),Trânsito intenso (Mudar de faixa),10,Giovana Cordeiro,3.0,4.0,Negativo,Cancelei uma aula com 24h de antecedência e mesmo assim a escola me cobrou.
0070ca37,2025-04-06,43,Medo de errar e ser julgada,Manobras em geral (Ré),13,Giovana Cordeiro,4.0,4.0,Positivo,"O carro da aula era novo, limpo e muito fácil de dirigir."
368fa931,2023-01-12,22,Medo de ladeiras/subidas,Dirigir em rodovias,12,Aline dos Santos,5.0,5.0,Positivo,A instrutora Aline dos Santos me deu dicas que vou levar para a vida.
3762b563,2025-10-31,25,Insegurança em rodovias/velocidade,Controle de embreagem (Subidas),15,Sueli Lopes,4.0,,Positivo,
819d085b,2025-01-09,38,Trauma (acidente anterior),Estacionar (Baliza/Vaga de shopping),9,Maria Eduarda,,4.0,,"A instrutora Maria Eduarda é calma, simpática e passa muita tranquilidade."
dc633a15,2023-09-23,54,Trânsito intenso / Agressividade,Dirigir em rodovias,9,Fatima Reis,3.0,3.0,Negativo,Terminei o pacote de aulas me sentindo mais insegura do que comecei.
142d9105,2023-09-21,32,Insegurança em rodovias/velocidade,Dirigir à noite / Chuva,16,Sueli Lopes,5.0,,Positivo,"A instrutora Sueli Lopes é calma, simpática e passa muita tranquilidade."
c0f460cc,2024-10-28,23,Trânsito intenso / Agressividade,Manobras em geral (Ré),20,Giovana Cordeiro,,5.0,,Ela me ensinou a dirigir na chuva e à noite. Estou pronta!
1413e077,2025-09-12,40,Trânsito intenso / Agressividade,Dirigir em rodovias,15,Aline dos Santos,5.0,5.0,Positivo,Ela me ensinou a dirigir na chuva e à noite. Estou pronta!
b5ad6c02,2025-01-14,48,Trauma (acidente anterior),Controle de embreagem (Subidas),12,Maria Eduarda,5.0,5.0,Positivo,"Muito profissional, pontual e paciente. Valeu cada centavo."
023c979d,2023-07-07,31,Ansiedade geral / Pânico,Trânsito intenso (Mudar de faixa),18,Giovana Cordeiro,,4.0,,
2cdbefc9,2025-07-19,30,Insegurança em rodovias/velocidade,Dirigir à noite / Chuva,19,Maria Eduarda,5.0,4.0,Positivo,"Aulas focadas no que eu realmente precisava, sem enrolação."
aadfb933,2023-03-02,35,Falta de prática (anos sem dirigir),Trânsito intenso (Mudar de faixa),18,Giovana Cordeiro,5.0,5.0,Positivo,Ela entendeu exatamente meu medo (ladeiras) e focou nisso até eu me sentir segura.
9edb7d9f,2023-09-03,25,Ansiedade geral / Pânico,Manobras em geral (Ré),12,Aline dos Santos,5.0,,Positivo,
853f7493,2023-07-11,52,Trauma (acidente anterior),Dirigir à noite / Chuva,9,Aline dos Santos,4.0,4.0,Positivo,Aprendi a dirigir em rodovia e hoje viajo sozinha. Gratidão à Aline dos Santos.
0db1a210,2024-09-12,23,Medo de ladeiras/subidas,Trânsito intenso (Mudar de faixa),9,Sueli Lopes,5.0,5.0,Positivo,
76ad45d5,2025-06-13,30,Medo de errar e ser julgada,Dirigir em rodovias,11,Giovana Cordeiro,5.0,4.0,Positivo,Ela me ensinou a dirigir na chuva e à noite. Estou pronta!
8520ccb9,2025-11-11,44,Trânsito intenso / Agressividade,Controle de embreagem (Subidas),9,Aline dos Santos,3.0,3.0,Negativo,A escola nunca atende o telefone. Difícil conseguir contato.
80fb9172,2024-01-13,28,Medo de ladeiras/subidas,Estacionar (Baliza/Vaga de shopping),18,Aline dos Santos,4.0,5.0,Positivo,Agora sim me sinto habilitada de verdade! Obrigada Aline dos Santos!
91d9e62d,2025-03-18,39,Trânsito intenso / Agressividade,Manobras em geral (Ré),6,Fatima Reis,2.0,2.0,Negativo,Senti que fui enrolada. Fiz 10 aulas e aprendi menos do que em 2 com uma amiga.
942c18cf,2023-07-04,28,Insegurança em rodovias/velocidade,Trânsito intenso (Mudar de faixa),10,Fatima Reis,1.0,4.0,Negativo,
a6faba8a,2024-05-19,44,Medo de ladeiras/subidas,Dirigir à noite / Chuva,10,Sueli Lopes,5.0,4.0,Positivo,"Valeu o investimento, hoje tenho minha independência."
9badfe0b,2025-03-25,23,Trânsito intenso / Agressividade,Controle de embreagem (Subidas),19,Maria Eduarda,4.0,4.0,Positivo,"Achei que nunca mais ia dirigir, mas o método da Maria Eduarda funciona. Estou feliz!"
c8e8dd7a,2023-04-19,42,Medo de errar e ser julgada,Estacionar (Baliza/Vaga de shopping),10,Giovana Cordeiro,4.0,4.0,Positivo,"O carro da aula era novo, limpo e muito fácil de dirigir."
768131dc,2023-11-27,45,Medo de ladeiras/subidas,Manobras em geral (Ré),18,Aline dos Santos,4.0,,Positivo,Perdi totalmente o medo de dirigir graças à escola. Recomendo muito!
77ed5ff6,2023-04-05,42,Trauma (acidente anterior),Estacionar (Baliza/Vaga de shopping),12,Maria Eduarda,5.0,5.0,Positivo,
869bea7f,2025-10-14,30,Medo de ladeiras/subidas,Trânsito intenso (Mudar de faixa),14,Sueli Lopes,4.0,,Positivo,Ela foi muito profissional ao lidar com minha crise de ansiedade na primeira aula.
21f7e341,2023-07-02,30,Falta de prática (anos sem dirigir),Dirigir à noite / Chuva,9,Sueli Lopes,4.0,4.0,Positivo,"Desde a recepção até a instrutora, todos na escola são muito atenciosos."
5b9cb819,2023-02-09,50,Medo de ladeiras/subidas,Trânsito intenso (Mudar de faixa),16,Sueli Lopes,4.0,5.0,Positivo,Agora sim me sinto habilitada de verdade! Obrigada Sueli Lopes!
360cf831,2024-12-27,43,Medo de errar e ser julgada,Trânsito intenso (Mudar de faixa),17,Aline dos Santos,,4.0,,A instrutora Aline dos Santos foi incrível! Super paciente e me devolveu a confiança.
43455bb8,2024-07-23,25,Ansiedade geral / Pânico,Dirigir em rodovias,10,Giovana Cordeiro,4.0,4.0,Positivo,A Giovana Cordeiro me ensinou 'macetes' de estacionamento que nenhuma autoescola ensina.
95483426,2024-08-23,35,Trânsito intenso / Agressividade,Estacionar (Baliza/Vaga de shopping),7,Aline dos Santos,2.0,4.0,Negativo,Não senti segurança no método da Aline dos Santos. Muito fraco.
3839a4e8,2025-01-17,24,Ansiedade geral / Pânico,Manobras em geral (Ré),10,Maria Eduarda,5.0,4.0,Positivo,Excelente didática. Agora consigo estacionar e andar no trânsito sem ansiedade.
b0e23905,2025-08-19,45,Medo de ladeiras/subidas,Manobras em geral (Ré),8,Maria Eduarda,4.0,5.0,Positivo,Finalmente fiz minha rota para o trabalho. Obrigada Maria Eduarda por toda a paciência!
2ae0bf39,2025-06-16,30,Medo de errar e ser julgada,Dirigir em rodovias,17,Sueli Lopes,5.0,5.0,Positivo,Ela entendeu exatamente meu medo (ladeiras) e focou nisso até eu me sentir segura.
22c3ca1f,2024-02-21,40,Medo de errar e ser julgada,Estacionar (Baliza/Vaga de shopping),8,Fatima Reis,3.0,4.0,Negativo,
d8926601,2025-02-09,22,Insegurança em rodovias/velocidade,Trânsito intenso (Mudar de faixa),14,Giovana Cordeiro,5.0,5.0,Positivo,Consegui vencer meu trauma. A Giovana Cordeiro foi fundamental nesse processo.
509b22c7,2024-11-26,38,Insegurança em rodovias/velocidade,Manobras em geral (Ré),8,Maria Eduarda,4.0,4.0,Positivo,Aprendi a dirigir em rodovia e hoje viajo sozinha. Gratidão à Maria Eduarda.
80e606d0,2023-02-16,43,Insegurança em rodovias/velocidade,Controle de embreagem (Subidas),18,Fatima Reis,4.0,4.0,Positivo,
078626ed,2024-07-05,25,Medo de ladeiras/subidas,Manobras em geral (Ré),9,Fatima Reis,1.0,2.0,Negativo,
8ca9b38f,2025-01-28,34,Medo de ladeiras/subidas,Manobras em geral (Ré),12,Giovana Cordeiro,4.0,5.0,Positivo,Consegui vencer meu trauma. A Giovana Cordeiro foi fundamental nesse processo.
f2b6509e,2024-08-04,34,Trânsito intenso / Agressividade,Manobras em geral (Ré),10,Fatima Reis,5.0,5.0,Positivo,"A instrutora Fatima Reis é calma, simpática e passa muita tranquilidade."
c3fa2111,2024-10-20,27,Insegurança em rodovias/velocidade,Dirigir à noite / Chuva,3,Fatima Reis,,2.0,,
bb1733ec,2025-10-08,52,Insegurança em rodovias/velocidade,Dirigir em rodovias,18,Maria Eduarda,5.0,4.0,Positivo,"O atendimento da escola foi ótimo, e as aulas com a Maria Eduarda foram perfeitas."
1b26d1ba,2025-04-04,48,Falta de prática (anos sem dirigir),Dirigir em rodovias,10,Maria Eduarda,4.0,4.0,Positivo,"Valeu o investimento, hoje tenho minha independência."
f9434a2e,2023-02-10,47,Ansiedade geral / Pânico,Estacionar (Baliza/Vaga de shopping),20,Maria Eduarda,5.0,5.0,Positivo,"Achei que nunca mais ia dirigir, mas o método da Maria Eduarda funciona. Estou feliz!"
25a37b66,2024-12-09,36,Medo de errar e ser julgada,Manobras em geral (Ré),8,Fatima Reis,1.0,3.0,Negativo,O carro falhou duas vezes na subida. Fiquei mais nervosa do que já estava.
52ea3b57,2025-08-20,51,Medo de errar e ser julgada,Dirigir à noite / Chuva,12,Maria Eduarda,4.0,4.0,Positivo,Recomendo a Maria Eduarda para qualquer pessoa que tenha pânico de dirigir.
dbfe4553,2024-10-02,23,Insegurança em rodovias/velocidade,Controle de embreagem (Subidas),11,Sueli Lopes,4.0,4.0,Positivo,Consegui vencer meu trauma. A Sueli Lopes foi fundamental nesse processo.
20c98502,2023-08-24,28,Medo de ladeiras/subidas,Controle de embreagem (Subidas),15,Sueli Lopes,4.0,5.0,Positivo,Excelente didática. Agora consigo estacionar e andar no trânsito sem ansiedade.
d9737cb5,2023-11-26,25,Ansiedade geral / Pânico,Controle de embreagem (Subidas),13,Fatima Reis,,,,"O carro da aula era novo, limpo e muito fácil de dirigir."
3a318ad6,2023-06-12,25,Medo de ladeiras/subidas,Dirigir em rodovias,10,Maria Eduarda,2.0,2.0,Negativo,Não senti que evoluí. A Maria Eduarda não entendeu meu medo real.
278e456c,2023-01-23,38,Falta de prática (anos sem dirigir),Estacionar (Baliza/Vaga de shopping),19,Sueli Lopes,5.0,5.0,Positivo,"O atendimento da escola foi ótimo, e as aulas com a Sueli Lopes foram perfeitas."
a3e08193,2023-12-23,33,Trauma (acidente anterior),Controle de embreagem (Subidas),9,Aline dos Santos,,4.0,,"Aulas focadas no que eu realmente precisava, sem enrolação."
85ba79b1,2025-11-05,53,Trânsito intenso / Agressividade,Dirigir em rodovias,20,Sueli Lopes,5.0,4.0,Positivo,A flexibilidade de horários da escola me ajudou muito.
1c93a427,2024-03-30,27,Insegurança em rodovias/velocidade,Dirigir à noite / Chuva,8,Sueli Lopes,4.0,5.0,Positivo,Aprendi a dirigir em rodovia e hoje viajo sozinha. Gratidão à Sueli Lopes.
0292562a,2024-09-28,24,Medo de ladeiras/subidas,Estacionar (Baliza/Vaga de shopping),9,Fatima Reis,2.0,2.0,Negativo,O preço é muito alto pelo que oferece. A aula atrasou 15 minutos.
75d4dfc8,2024-11-04,47,Falta de prática (anos sem dirigir),Controle de embreagem (Subidas),9,Giovana Cordeiro,4.0,5.0,Positivo,Fiz a aula no meu próprio carro e foi ótimo para eu pegar confiança nele.
2cfddcf4,2025-11-02,51,Trauma (acidente anterior),Manobras em geral (Ré),9,Sueli Lopes,4.0,5.0,Positivo,"O carro da aula era novo, limpo e muito fácil de dirigir."
498d6627,2024-03-13,55,Ansiedade geral / Pânico,Trânsito intenso (Mudar de faixa),13,Maria Eduarda,4.0,5.0,Positivo,Consegui vencer meu trauma. A Maria Eduarda foi fundamental nesse processo.
908c67ba,2025-08-20,50,Medo de ladeiras/subidas,Manobras em geral (Ré),9,Sueli Lopes,2.0,4.0,Negativo,"O ar-condicionado do carro estava quebrado, foi horrível dirigir no calor."
7b4efdc8,2025-07-30,23,Medo de errar e ser julgada,Estacionar (Baliza/Vaga de shopping),10,Fatima Reis,3.0,4.0,Negativo,"Ela não teve paciência com meu trauma, só queria que eu acelerasse."
9b0c56e3,2023-11-21,41,Insegurança em rodovias/velocidade,Dirigir à noite / Chuva,11,Giovana Cordeiro,,4.0,,Fiz a aula no meu próprio carro e foi ótimo para eu pegar confiança nele.
0c2a4677,2025-01-21,24,Ansiedade geral / Pânico,Dirigir à noite / Chuva,11,Maria Eduarda,4.0,4.0,Positivo,"A Maria Eduarda não gritou, não foi irônica. Foi 100% apoio."
b386a709,2025-05-30,37,Insegurança em rodovias/velocidade,Trânsito intenso (Mudar de faixa),19,Giovana Cordeiro,4.0,4.0,Positivo,"Achei que nunca mais ia dirigir, mas o método da Giovana Cordeiro funciona. Estou feliz!"
f3788f15,2024-08-22,28,Falta de prática (anos sem dirigir),Dirigir em rodovias,15,Maria Eduarda,4.0,4.0,Positivo,"Valeu o investimento, hoje tenho minha independência."
df4e69f9,2023-06-20,40,Falta de prática (anos sem dirigir),Dirigir em rodovias,5,Fatima Reis,3.0,2.0,Negativo,Instrutora Fatima Reis chegou atrasada e não pareceu se importar.
a7672746,2023-09-03,43,Medo de errar e ser julgada,Trânsito intenso (Mudar de faixa),16,Giovana Cordeiro,4.0,4.0,Positivo,"O carro da aula era novo, limpo e muito fácil de dirigir."
355a9ad2,2025-10-18,26,Trauma (acidente anterior),Controle de embreagem (Subidas),4,Fatima Reis,2.0,2.0,Negativo,Faltou empatia. A Fatima Reis disse que 'era só dirigir' e que meu medo era bobo.
70e5b198,2024-11-19,41,Medo de errar e ser julgada,Dirigir à noite / Chuva,4,Fatima Reis,,3.0,,Instrutora Fatima Reis chegou atrasada e não pareceu se importar.
d8f9bf41,2024-07-03,41,Falta de prática (anos sem dirigir),Dirigir à noite / Chuva,17,Maria Eduarda,,5.0,,Perdi totalmente o medo de dirigir graças à escola. Recomendo muito!
11719a0e,2024-10-30,39,Insegurança em rodovias/velocidade,Manobras em geral (Ré),18,Aline dos Santos,4.0,5.0,Positivo,Ela entendeu exatamente meu medo (ladeiras) e focou nisso até eu me sentir segura.
9989048e,2025-01-31,22,Medo de ladeiras/subidas,Estacionar (Baliza/Vaga de shopping),6,Fatima Reis,3.0,4.0,Negativo,Não senti segurança no método da Fatima Reis. Muito fraco.
27d983fe,2024-07-06,25,Medo de errar e ser julgada,Manobras em geral (Ré),12,Maria Eduarda,,4.0,,Perdi totalmente o medo de dirigir graças à escola. Recomendo muito!
e8ef59bb,2025-10-25,27,Ansiedade geral / Pânico,Manobras em geral (Ré),9,Maria Eduarda,5.0,5.0,Positivo,A instrutora Maria Eduarda tem uma energia ótima e tornou as aulas leves e divertidas.
5f095177,2024-11-13,53,Trânsito intenso / Agressividade,Trânsito intenso (Mudar de faixa),10,Aline dos Santos,,5.0,,Excelente didática. Agora consigo estacionar e andar no trânsito sem ansiedade.
53e51133,2023-09-08,33,Ansiedade geral / Pânico,Dirigir em rodovias,8,Aline dos Santos,4.0,5.0,Positivo,Recomendo a Aline dos Santos para qualquer pessoa que tenha pânico de dirigir.
d66f3491,2025-09-23,30,Insegurança em rodovias/velocidade,Dirigir à noite / Chuva,10,Giovana Cordeiro,5.0,4.0,Positivo,"O carro da aula era novo, limpo e muito fácil de dirigir."
55b45e62,2023-02-27,43,Insegurança em rodovias/velocidade,Trânsito intenso (Mudar de faixa),17,Sueli Lopes,5.0,5.0,Positivo,"O carro da aula era novo, limpo e muito fácil de dirigir."
9716b04c,2025-04-28,48,Trânsito intenso / Agressividade,Estacionar (Baliza/Vaga de shopping),19,Aline dos Santos,4.0,4.0,Positivo,Ela entendeu exatamente meu medo (ladeiras) e focou nisso até eu me sentir segura.
0212e158,2024-09-03,29,Medo de ladeiras/subidas,Trânsito intenso (Mudar de faixa),12,Aline dos Santos,4.0,4.0,Positivo,Agora sim me sinto habilitada de verdade! Obrigada Aline dos Santos!
7d2afa5f,2025-10-03,45,Ansiedade geral / Pânico,Controle de embreagem (Subidas),9,Giovana Cordeiro,4.0,4.0,Positivo,
da4e036b,2024-06-30,45,Trauma (acidente anterior),Controle de embreagem (Subidas),16,Maria Eduarda,4.0,4.0,Positivo,A instrutora Maria Eduarda tem uma energia ótima e tornou as aulas leves e divertidas.
505a623a,2025-08-15,45,Medo de errar e ser julgada,Manobras em geral (Ré),7,Giovana Cordeiro,3.0,2.0,Negativo,Terminei o pacote de aulas me sentindo mais insegura do que comecei.
51f438e2,2025-09-07,38,Insegurança em rodovias/velocidade,Dirigir em rodovias,9,Maria Eduarda,5.0,5.0,Positivo,
e4790df4,2025-04-23,39,Trauma (acidente anterior),Manobras em geral (Ré),8,Fatima Reis,3.0,3.0,Negativo,"A Fatima Reis ficava freando o carro por mim, não me deixou aprender."
bec168d4,2023-03-07,42,Ansiedade geral / Pânico,Trânsito intenso (Mudar de faixa),19,Aline dos Santos,5.0,5.0,Positivo,"A Aline dos Santos não gritou, não foi irônica. Foi 100% apoio."
670b485f,2024-06-14,36,Medo de errar e ser julgada,Estacionar (Baliza/Vaga de shopping),20,Sueli Lopes,5.0,5.0,Positivo,A instrutora Sueli Lopes me deu dicas que vou levar para a vida.
bf670b80,2025-05-10,35,Ansiedade geral / Pânico,Manobras em geral (Ré),8,Giovana Cordeiro,5.0,4.0,Positivo,A instrutora Giovana Cordeiro foi incrível! Super paciente e me devolveu a confiança.
f39a083c,2025-10-26,46,Ansiedade geral / Pânico,Dirigir à noite / Chuva,17,Aline dos Santos,5.0,5.0,Positivo,Consegui vencer meu trauma. A Aline dos Santos foi fundamental nesse processo.
c09d4030,2023-03-25,52,Trânsito intenso / Agressividade,Estacionar (Baliza/Vaga de shopping),11,Maria Eduarda,,4.0,,O carro com direção hidráulica e ar fez toda a diferença.
824298df,2025-02-08,41,Trauma (acidente anterior),Dirigir em rodovias,16,Fatima Reis,5.0,5.0,Positivo,Ela foi muito profissional ao lidar com minha crise de ansiedade na primeira aula.
1a7018cf,2024-05-31,39,Insegurança em rodovias/velocidade,Estacionar (Baliza/Vaga de shopping),16,Giovana Cordeiro,,4.0,,"Achei que nunca mais ia dirigir, mas o método da Giovana Cordeiro funciona. Estou feliz!"
4e9bae7c,2024-06-18,28,Falta de prática (anos sem dirigir),Dirigir à noite / Chuva,13,Maria Eduarda,4.0,,Positivo,Recomendo a Maria Eduarda para qualquer pessoa que tenha pânico de dirigir.
a85a75ef,2023-05-25,42,Insegurança em rodovias/velocidade,Dirigir em rodovias,9,Fatima Reis,4.0,5.0,Positivo,"O carro da aula era novo, limpo e muito fácil de dirigir."
86c17ab4,2023-03-01,54,Trauma (acidente anterior),Estacionar (Baliza/Vaga de shopping),14,Maria Eduarda,5.0,,Positivo,"O carro da aula era novo, limpo e muito fácil de dirigir."
4dc8017e,2023-08-22,55,Trauma (acidente anterior),Dirigir à noite / Chuva,19,Maria Eduarda,5.0,4.0,Positivo,"Achei que nunca mais ia dirigir, mas o método da Maria Eduarda funciona. Estou feliz!"
d9b5321b,2024-08-26,36,Medo de ladeiras/subidas,Trânsito intenso (Mudar de faixa),12,Maria Eduarda,,4.0,,
3e13e97e,2024-11-13,51,Trauma (acidente anterior),Controle de embreagem (Subidas),14,Maria Eduarda,5.0,5.0,Positivo,A flexibilidade de horários da escola me ajudou muito.
8f9e6870,2024-11-12,54,Trauma (acidente anterior),Trânsito intenso (Mudar de faixa),8,Fatima Reis,3.0,3.0,Negativo,Não senti segurança no método da Fatima Reis. Muito fraco.
4bdc2a56,2025-06-05,30,Medo de errar e ser julgada,Dirigir em rodovias,13,Aline dos Santos,5.0,5.0,Positivo,"Valeu o investimento, hoje tenho minha independência."
7c6b4b69,2023-10-11,39,Insegurança em rodovias/velocidade,Controle de embreagem (Subidas),17,Giovana Cordeiro,,5.0,,O carro com direção hidráulica e ar fez toda a diferença.
09c56fdb,2023-03-07,55,Medo de errar e ser julgada,Trânsito intenso (Mudar de faixa),17,Maria Eduarda,5.0,4.0,Positivo,"Em apenas 5 aulas com a Maria Eduarda, minha evolução foi gigantesca."
963e7f3b,2024-06-10,22,Insegurança em rodovias/velocidade,Manobras em geral (Ré),5,Fatima Reis,3.0,3.0,Negativo,
2bbd6585,2024-12-18,22,Medo de ladeiras/subidas,Dirigir em rodovias,11,Maria Eduarda,5.0,5.0,Positivo,
90815781,2023-12-26,49,Trauma (acidente anterior),Controle de embreagem (Subidas),9,Aline dos Santos,4.0,5.0,Positivo,
83bbceda,2023-02-21,37,Ansiedade geral / Pânico,Dirigir em rodovias,19,Maria Eduarda,5.0,4.0,Positivo,"A comunicação com a escola é fácil, respondem rápido no WhatsApp."
4fa7c4dd,2025-02-24,37,Trauma (acidente anterior),Dirigir à noite / Chuva,17,Sueli Lopes,4.0,5.0,Positivo,"O carro da aula era novo, limpo e muito fácil de dirigir."
d3aa42dd,2024-08-28,23,Trânsito intenso / Agressividade,Manobras em geral (Ré),19,Fatima Reis,5.0,5.0,Positivo,"O atendimento da escola foi ótimo, e as aulas com a Fatima Reis foram perfeitas."
7b266f69,2025-02-27,52,Medo de errar e ser julgada,Estacionar (Baliza/Vaga de shopping),10,Aline dos Santos,4.0,,Positivo,
4f98f7b3,2025-01-11,37,Trauma (acidente anterior),Trânsito intenso (Mudar de faixa),9,Sueli Lopes,4.0,4.0,Positivo,Fiz a aula no meu próprio carro e foi ótimo para eu pegar confiança nele.
4b9b0f30,2024-03-25,54,Medo de ladeiras/subidas,Estacionar (Baliza/Vaga de shopping),12,Maria Eduarda,4.0,5.0,Positivo,"Muito profissional, pontual e paciente. Valeu cada centavo."
fc734d1a,2023-03-04,41,Ansiedade geral / Pânico,Estacionar (Baliza/Vaga de shopping),10,Maria Eduarda,4.0,5.0,Positivo,Ela me ensinou a dirigir na chuva e à noite. Estou pronta!
c457c8a4,2024-08-28,40,Trauma (acidente anterior),Trânsito intenso (Mudar de faixa),12,Sueli Lopes,5.0,5.0,Positivo,Agora sim me sinto habilitada de verdade! Obrigada Sueli Lopes!
3a0d967f,2024-03-13,29,Ansiedade geral / Pânico,Dirigir à noite / Chuva,12,Giovana Cordeiro,5.0,5.0,Positivo,"A instrutora Giovana Cordeiro é calma, simpática e passa muita tranquilidade."
df0f1ccc,2024-01-26,32,Trauma (acidente anterior),Manobras em geral (Ré),9,Aline dos Santos,4.0,4.0,Positivo,Ela entendeu exatamente meu medo (ladeiras) e focou nisso até eu me sentir segura.
2f781b9d,2024-05-08,54,Medo de errar e ser julgada,Dirigir à noite / Chuva,8,Sueli Lopes,4.0,5.0,Positivo,A flexibilidade de horários da escola me ajudou muito.
9ec0f6f9,2025-10-29,46,Trauma (acidente anterior),Dirigir à noite / Chuva,16,Giovana Cordeiro,4.0,4.0,Positivo,"Desde a recepção até a instrutora, todos na escola são muito atenciosos."
7b4ef072,2023-01-25,42,Falta de prática (anos sem dirigir),Trânsito intenso (Mudar de faixa),18,Fatima Reis,5.0,5.0,Positivo,"O atendimento da escola foi ótimo, e as aulas com a Fatima Reis foram perfeitas."
e763469f,2023-04-24,39,Trânsito intenso / Agressividade,Estacionar (Baliza/Vaga de shopping),9,Sueli Lopes,4.0,5.0,Positivo,Aprendi a dirigir em rodovia e hoje viajo sozinha. Gratidão à Sueli Lopes.
9cfc292a,2024-12-08,41,Insegurança em rodovias/velocidade,Dirigir em rodovias,5,Fatima Reis,1.0,2.0,Negativo,Não senti segurança no método da Fatima Reis. Muito fraco.
f05fc313,2024-08-19,44,Trânsito intenso / Agressividade,Manobras em geral (Ré),8,Fatima Reis,3.0,4.0,Negativo,Cancelei uma aula com 24h de antecedência e mesmo assim a escola me cobrou.
a4454fd4,2024-01-01,52,Medo de errar e ser julgada,Controle de embreagem (Subidas),8,Aline dos Santos,4.0,5.0,Positivo,A instrutora Aline dos Santos foi incrível! Super paciente e me devolveu a confiança.
a1babb20,2025-04-30,37,Ansiedade geral / Pânico,Trânsito intenso (Mudar de faixa),17,Giovana Cordeiro,5.0,5.0,Positivo,A Giovana Cordeiro me ensinou 'macetes' de estacionamento que nenhuma autoescola ensina.
c4f12690,2025-08-13,47,Medo de errar e ser julgada,Manobras em geral (Ré),10,Aline dos Santos,,4.0,,
76067457,2025-11-02,54,Trânsito intenso / Agressividade,Trânsito intenso (Mudar de faixa),18,Sueli Lopes,4.0,5.0,Positivo,"Didática excelente da Sueli Lopes, me senti segura desde a primeira aula."
8b2ff3e9,2023-11-02,55,Insegurança em rodovias/velocidade,Dirigir em rodovias,6,Fatima Reis,2.0,3.0,Negativo,O carro da aula estava com cheiro ruim e parecia sujo.
968653d5,2023-07-18,53,Medo de ladeiras/subidas,Dirigir à noite / Chuva,20,Giovana Cordeiro,4.0,5.0,Positivo,Fiz a aula no meu próprio carro e foi ótimo para eu pegar confiança nele.
0e960d99,2025-02-22,22,Falta de prática (anos sem dirigir),Trânsito intenso (Mudar de faixa),13,Maria Eduarda,5.0,5.0,Positivo,A instrutora Maria Eduarda me deu dicas que vou levar para a vida.
70c6c351,2025-05-11,32,Falta de prática (anos sem dirigir),Trânsito intenso (Mudar de faixa),20,Maria Eduarda,,5.0,,A instrutora Maria Eduarda me deu dicas que vou levar para a vida.
64844a00,2025-05-09,37,Ansiedade geral / Pânico,Dirigir em rodovias,8,Maria Eduarda,,4.0,,Aprendi a dirigir em rodovia e hoje viajo sozinha. Gratidão à Maria Eduarda.
4b3024b0,2024-08-05,36,Insegurança em rodovias/velocidade,Trânsito intenso (Mudar de faixa),19,Giovana Cordeiro,4.0,4.0,Positivo,"Aulas focadas no que eu realmente precisava, sem enrolação."
a7e6c174,2024-07-14,22,Trauma (acidente anterior),Estacionar (Baliza/Vaga de shopping),9,Fatima Reis,1.0,,Negativo,Não senti segurança no método da Fatima Reis. Muito fraco.
cccdf4b0,2024-07-26,28,Insegurança em rodovias/velocidade,Estacionar (Baliza/Vaga de shopping),19,Maria Eduarda,5.0,4.0,Positivo,
c0dde56a,2025-03-20,45,Trânsito intenso / Agressividade,Trânsito intenso (Mudar de faixa),20,Sueli Lopes,5.0,5.0,Positivo,
d86836e2,2023-07-12,45,Medo de ladeiras/subidas,Dirigir em rodovias,11,Sueli Lopes,4.0,5.0,Positivo,O método de ensino é progressivo e respeita o limite da aluna.
75f05309,2025-05-03,22,Medo de ladeiras/subidas,Trânsito intenso (Mudar de faixa),19,Giovana Cordeiro,4.0,5.0,Positivo,A instrutora Giovana Cordeiro tem uma energia ótima e tornou as aulas leves e divertidas.
bd149cb3,2025-07-11,25,Ansiedade geral / Pânico,Dirigir à noite / Chuva,17,Aline dos Santos,5.0,4.0,Positivo,"A instrutora Aline dos Santos é calma, simpática e passa muita tranquilidade."
868c5dcb,2024-11-13,38,Trauma (acidente anterior),Estacionar (Baliza/Vaga de shopping),3,Fatima Reis,3.0,,Negativo,A Fatima Reis falava muito da vida pessoal dela e pouco sobre direção.
f7781af0,2025-01-29,32,Medo de errar e ser julgada,Dirigir à noite / Chuva,3,Fatima Reis,1.0,4.0,Negativo,
33b0a54c,2024-09-17,35,Trânsito intenso / Agressividade,Trânsito intenso (Mudar de faixa),10,Fatima Reis,1.0,3.0,Negativo,"A Fatima Reis ficava freando o carro por mim, não me deixou aprender."
d0a3afab,2023-04-22,50,Trânsito intenso / Agressividade,Estacionar (Baliza/Vaga de shopping),5,Fatima Reis,3.0,4.0,Negativo,"Pedi para treinar em rodovia e a Fatima Reis desconversou, disse que não precisava."
c653ca22,2024-07-17,24,Ansiedade geral / Pânico,Dirigir à noite / Chuva,14,Aline dos Santos,4.0,,Positivo,Ela foi muito profissional ao lidar com minha crise de ansiedade na primeira aula.
ae2409c3,2024-06-03,53,Trauma (acidente anterior),Dirigir à noite / Chuva,18,Aline dos Santos,4.0,4.0,Positivo,"Didática excelente da Aline dos Santos, me senti segura desde a primeira aula."
9b487668,2025-07-01,42,Trânsito intenso / Agressividade,Manobras em geral (Ré),16,Giovana Cordeiro,5.0,,Positivo,Aprendi a dirigir em rodovia e hoje viajo sozinha. Gratidão à Giovana Cordeiro.
9348cc55,2023-10-06,52,Medo de ladeiras/subidas,Dirigir à noite / Chuva,13,Giovana Cordeiro,4.0,,Positivo,Fiz a aula no meu próprio carro e foi ótimo para eu pegar confiança nele.
c4676a62,2023-09-26,43,Ansiedade geral / Pânico,Estacionar (Baliza/Vaga de shopping),13,Giovana Cordeiro,4.0,5.0,Positivo,"Didática excelente da Giovana Cordeiro, me senti segura desde a primeira aula."
7c138003,2025-05-05,50,Trânsito intenso / Agressividade,Dirigir à noite / Chuva,7,Fatima Reis,3.0,2.0,Negativo,O carro que usei na aula era muito velho e a direção era dura.
9b6b63b1,2024-06-05,38,Trânsito intenso / Agressividade,Trânsito intenso (Mudar de faixa),17,Sueli Lopes,4.0,4.0,Positivo,O método de ensino é progressivo e respeita o limite da aluna.
3a83b79b,2023-07-27,34,Medo de ladeiras/subidas,Controle de embreagem (Subidas),11,Maria Eduarda,4.0,,Positivo,Recomendo a Maria Eduarda para qualquer pessoa que tenha pânico de dirigir.
11023308,2025-01-28,37,Ansiedade geral / Pânico,Dirigir em rodovias,11,Aline dos Santos,4.0,4.0,Positivo,Excelente didática. Agora consigo estacionar e andar no trânsito sem ansiedade.
518257ec,2024-07-16,30,Trânsito intenso / Agressividade,Controle de embreagem (Subidas),9,Giovana Cordeiro,,5.0,,"O atendimento da escola foi ótimo, e as aulas com a Giovana Cordeiro foram perfeitas."
d3386127,2023-12-06,30,Insegurança em rodovias/velocidade,Manobras em geral (Ré),9,Fatima Reis,3.0,2.0,Negativo,Faltou empatia. A Fatima Reis disse que 'era só dirigir' e que meu medo era bobo.
001c4547,2024-09-21,22,Ansiedade geral / Pânico,Trânsito intenso (Mudar de faixa),19,Aline dos Santos,5.0,4.0,Positivo,Finalmente fiz minha rota para o trabalho. Obrigada Aline dos Santos por toda a paciência!
e1ba4b05,2023-09-24,52,Insegurança em rodovias/velocidade,Trânsito intenso (Mudar de faixa),16,Aline dos Santos,,4.0,,"Em apenas 5 aulas com a Aline dos Santos, minha evolução foi gigantesca."
bbd0752f,2024-02-19,54,Ansiedade geral / Pânico,Trânsito intenso (Mudar de faixa),3,Fatima Reis,2.0,2.0,Negativo,Não senti que evoluí. A Fatima Reis não entendeu meu medo real.
568c7d6b,2025-10-31,47,Medo de errar e ser julgada,Estacionar (Baliza/Vaga de shopping),19,Maria Eduarda,4.0,4.0,Positivo,Fiz a aula no meu próprio carro e foi ótimo para eu pegar confiança nele.
c34032ba,2025-04-16,46,Insegurança em rodovias/velocidade,Manobras em geral (Ré),12,Giovana Cordeiro,,5.0,,
0a07faf7,2024-07-21,47,Medo de ladeiras/subidas,Manobras em geral (Ré),9,Fatima Reis,1.0,2.0,Negativo,Instrutora Fatima Reis chegou atrasada e não pareceu se importar.
e43b660d,2025-03-01,26,Ansiedade geral / Pânico,Manobras em geral (Ré),17,Fatima Reis,,4.0,,"Didática excelente da Fatima Reis, me senti segura desde a primeira aula."
3c598ec1,2023-07-07,43,Ansiedade geral / Pânico,Controle de embreagem (Subidas),11,Maria Eduarda,5.0,4.0,Positivo,"Didática excelente da Maria Eduarda, me senti segura desde a primeira aula."
6ae5a07c,2025-04-05,46,Falta de prática (anos sem dirigir),Dirigir à noite / Chuva,16,Giovana Cordeiro,5.0,4.0,Positivo,
43058291,2024-11-10,25,Trânsito intenso / Agressividade,Dirigir à noite / Chuva,17,Aline dos Santos,5.0,5.0,Positivo,
ae5c61c3,2023-06-23,35,Trauma (acidente anterior),Trânsito intenso (Mudar de faixa),16,Aline dos Santos,4.0,5.0,Positivo,"Valeu o investimento, hoje tenho minha independência."
ee1b07b9,2023-03-27,33,Medo de errar e ser julgada,Dirigir em rodovias,10,Fatima Reis,2.0,3.0,Negativo,
62d2b867,2024-12-24,52,Medo de errar e ser julgada,Dirigir em rodovias,11,Sueli Lopes,4.0,4.0,Positivo,Agora sim me sinto habilitada de verdade! Obrigada Sueli Lopes!
af482f71,2023-12-12,54,Falta de prática (anos sem dirigir),Estacionar (Baliza/Vaga de shopping),19,Giovana Cordeiro,5.0,5.0,Positivo,"Achei que nunca mais ia dirigir, mas o método da Giovana Cordeiro funciona. Estou feliz!"
d5c01126,2025-07-15,43,Trauma (acidente anterior),Trânsito intenso (Mudar de faixa),8,Aline dos Santos,5.0,,Positivo,"Aulas focadas no que eu realmente precisava, sem enrolação."
1469d0c9,2023-09-24,41,Trânsito intenso / Agressividade,Dirigir à noite / Chuva,16,Sueli Lopes,5.0,4.0,Positivo,"Desde a recepção até a instrutora, todos na escola são muito atenciosos."
37674e6b,2025-02-06,38,Medo de errar e ser julgada,Estacionar (Baliza/Vaga de shopping),17,Sueli Lopes,5.0,5.0,Positivo,Ela me ensinou a dirigir na chuva e à noite. Estou pronta!
528a5479,2025-09-22,47,Insegurança em rodovias/velocidade,Manobras em geral (Ré),17,Giovana Cordeiro,5.0,4.0,Positivo,"Aulas focadas no que eu realmente precisava, sem enrolação."
cb3a2265,2024-05-20,54,Falta de prática (anos sem dirigir),Dirigir em rodovias,12,Aline dos Santos,5.0,4.0,Positivo,Perdi totalmente o medo de dirigir graças à escola. Recomendo muito!
6f23ba6f,2023-12-01,31,Trauma (acidente anterior),Controle de embreagem (Subidas),10,Aline dos Santos,4.0,4.0,Positivo,
cd440676,2024-03-06,35,Medo de ladeiras/subidas,Manobras em geral (Ré),14,Maria Eduarda,4.0,4.0,Positivo,"Muito profissional, pontual e paciente. Valeu cada centavo."
2bd1b9d1,2024-03-22,46,Insegurança em rodovias/velocidade,Manobras em geral (Ré),9,Maria Eduarda,,4.0,,
5643824e,2023-11-27,44,Ansiedade geral / Pânico,Manobras em geral (Ré),19,Maria Eduarda,5.0,5.0,Positivo,"Desde a recepção até a instrutora, todos na escola são muito atenciosos."
78ed00b3,2024-02-29,45,Insegurança em rodovias/velocidade,Dirigir à noite / Chuva,3,Fatima Reis,3.0,3.0,Negativo,Tentei reagendar e o atendimento da escola foi muito inflexível.
aeb57293,2024-12-15,30,Falta de prática (anos sem dirigir),Estacionar (Baliza/Vaga de shopping),16,Maria Eduarda,4.0,5.0,Positivo,A instrutora Maria Eduarda foi incrível! Super paciente e me devolveu a confiança.
8d70bb23,2024-01-01,53,Ansiedade geral / Pânico,Trânsito intenso (Mudar de faixa),17,Maria Eduarda,5.0,,Positivo,
79d3784c,2024-07-28,28,Falta de prática (anos sem dirigir),Estacionar (Baliza/Vaga de shopping),6,Fatima Reis,,2.0,,Não senti segurança no método da Fatima Reis. Muito fraco.
e1b24c19,2024-09-03,30,Falta de prática (anos sem dirigir),Dirigir à noite / Chuva,17,Aline dos Santos,4.0,5.0,Positivo,Excelente didática. Agora consigo estacionar e andar no trânsito sem ansiedade.
29749392,2023-07-06,33,Trauma (acidente anterior),Estacionar (Baliza/Vaga de shopping),17,Maria Eduarda,4.0,4.0,Positivo,Finalmente fiz minha rota para o trabalho. Obrigada Maria Eduarda por toda a paciência!
e24483c6,2023-08-23,40,Medo de errar e ser julgada,Controle de embreagem (Subidas),13,Aline dos Santos,5.0,4.0,Positivo,"A comunicação com a escola é fácil, respondem rápido no WhatsApp."
e0b8427e,2024-06-30,50,Trânsito intenso / Agressividade,Controle de embreagem (Subidas),12,Giovana Cordeiro,4.0,4.0,Positivo,"Achei que nunca mais ia dirigir, mas o método da Giovana Cordeiro funciona. Estou feliz!"
c4cd796c,2023-01-18,38,Trânsito intenso / Agressividade,Dirigir à noite / Chuva,9,Fatima Reis,3.0,3.0,Negativo,
369a50b9,2025-09-04,53,Trauma (acidente anterior),Dirigir à noite / Chuva,11,Maria Eduarda,4.0,5.0,Positivo,
2e6d8263,2025-04-13,55,Insegurança em rodovias/velocidade,Dirigir em rodovias,16,Sueli Lopes,,5.0,,Ela entendeu exatamente meu medo (ladeiras) e focou nisso até eu me sentir segura.
5b06b2c9,2025-07-28,42,Medo de errar e ser julgada,Estacionar (Baliza/Vaga de shopping),16,Maria Eduarda,5.0,,Positivo,"Muito profissional, pontual e paciente. Valeu cada centavo."
4411566e,2025-09-15,32,Medo de errar e ser julgada,Dirigir à noite / Chuva,19,Giovana Cordeiro,5.0,4.0,Positivo,"O carro da aula era novo, limpo e muito fácil de dirigir."
166f798b,2023-02-03,31,Falta de prática (anos sem dirigir),Controle de embreagem (Subidas),8,Fatima Reis,4.0,4.0,Positivo,"A comunicação com a escola é fácil, respondem rápido no WhatsApp."
4b90a5f8,2023-09-17,23,Falta de prática (anos sem dirigir),Dirigir em rodovias,17,Maria Eduarda,,4.0,,"Didática excelente da Maria Eduarda, me senti segura desde a primeira aula."
15f5532d,2025-02-07,25,Insegurança em rodovias/velocidade,Trânsito intenso (Mudar de faixa),6,Sueli Lopes,2.0,,Negativo,Faltou empatia. A Sueli Lopes disse que 'era só dirigir' e que meu medo era bobo.
2882f50b,2024-10-17,49,Trânsito intenso / Agressividade,Controle de embreagem (Subidas),20,Giovana Cordeiro,4.0,5.0,Positivo,
bd7b11bc,2023-10-08,40,Trânsito intenso / Agressividade,Trânsito intenso (Mudar de faixa),12,Aline dos Santos,,4.0,,A instrutora Aline dos Santos me deu dicas que vou levar para a vida.
7374b3fc,2024-06-06,31,Trauma (acidente anterior),Controle de embreagem (Subidas),17,Sueli Lopes,4.0,5.0,Positivo,
9d38f9a3,2024-12-30,45,Trânsito intenso / Agressividade,Controle de embreagem (Subidas),3,Fatima Reis,2.0,2.0,Negativo,"Ela não teve paciência com meu trauma, só queria que eu acelerasse."
fae482fb,2024-06-16,49,Medo de errar e ser julgada,Dirigir à noite / Chuva,17,Sueli Lopes,5.0,5.0,Positivo,Aprendi a dirigir em rodovia e hoje viajo sozinha. Gratidão à Sueli Lopes.
00bc25dd,2023-12-05,48,Ansiedade geral / Pânico,Manobras em geral (Ré),12,Giovana Cordeiro,4.0,4.0,Positivo,Consegui vencer meu trauma. A Giovana Cordeiro foi fundamental nesse processo.
6df03990,2023-12-03,33,Trânsito intenso / Agressividade,Dirigir à noite / Chuva,20,Maria Eduarda,,5.0,,Finalmente fiz minha rota para o trabalho. Obrigada Maria Eduarda por toda a paciência!
cf3fee7b,2023-11-22,25,Falta de prática (anos sem dirigir),Dirigir em rodovias,9,Fatima Reis,4.0,4.0,Positivo,"Didática excelente da Fatima Reis, me senti segura desde a primeira aula."
87cbcb2c,2023-08-29,41,Ansiedade geral / Pânico,Manobras em geral (Ré),18,Maria Eduarda,5.0,4.0,Positivo,
134930ef,2024-12-20,48,Trânsito intenso / Agressividade,Manobras em geral (Ré),6,Fatima Reis,3.0,3.0,Negativo,O carro da aula estava com cheiro ruim e parecia sujo.
3f8c614a,2023-02-05,36,Trânsito intenso / Agressividade,Dirigir à noite / Chuva,13,Aline dos Santos,4.0,5.0,Positivo,Consegui vencer meu trauma. A Aline dos Santos foi fundamental nesse processo.
9c473bd5,2023-04-21,51,Falta de prática (anos sem dirigir),Manobras em geral (Ré),14,Giovana Cordeiro,5.0,4.0,Positivo,"Em apenas 5 aulas com a Giovana Cordeiro, minha evolução foi gigantesca."
b57b3ff1,2023-05-29,53,Trauma (acidente anterior),Trânsito intenso (Mudar de faixa),20,Giovana Cordeiro,,4.0,,Recomendo a Giovana Cordeiro para qualquer pessoa que tenha pânico de dirigir.
4c8d19d2,2023-12-05,25,Ansiedade geral / Pânico,Manobras em geral (Ré),19,Giovana Cordeiro,4.0,5.0,Positivo,
12f84cf3,2024-02-17,22,Trânsito intenso / Agressividade,Dirigir à noite / Chuva,3,Fatima Reis,3.0,4.0,Negativo,
27c43027,2023-06-19,34,Insegurança em rodovias/velocidade,Controle de embreagem (Subidas),18,Giovana Cordeiro,5.0,5.0,Positivo,Ela foi muito profissional ao lidar com minha crise de ansiedade na primeira aula.
439dcc9d,2023-02-28,48,Trauma (acidente anterior),Dirigir à noite / Chuva,8,Fatima Reis,2.0,4.0,Negativo,Não gostei da abordagem. Parecia que ela estava com pressa para terminar a aula.
043b0b17,2024-09-01,33,Trânsito intenso / Agressividade,Dirigir em rodovias,11,Giovana Cordeiro,4.0,5.0,Positivo,
ba6cde76,2024-08-11,30,Trânsito intenso / Agressividade,Dirigir à noite / Chuva,14,Sueli Lopes,5.0,,Positivo,
5e1b4156,2023-07-02,29,Medo de ladeiras/subidas,Controle de embreagem (Subidas),14,Maria Eduarda,4.0,5.0,Positivo,Ela entendeu exatamente meu medo (ladeiras) e focou nisso até eu me sentir segura.
1573a3e1,2024-07-03,31,Trauma (acidente anterior),Dirigir em rodovias,9,Maria Eduarda,2.0,,Negativo,A Maria Eduarda falava muito da vida pessoal dela e pouco sobre direção.
14e6ee50,2023-06-03,24,Trânsito intenso / Agressividade,Trânsito intenso (Mudar de faixa),9,Aline dos Santos,3.0,,Negativo,"A Aline dos Santos ficava freando o carro por mim, não me deixou aprender."
622e90af,2025-05-19,51,Medo de errar e ser julgada,Controle de embreagem (Subidas),17,Sueli Lopes,4.0,5.0,Positivo,Fiz a aula no meu próprio carro e foi ótimo para eu pegar confiança nele.
25921ef7,2025-09-15,41,Medo de errar e ser julgada,Trânsito intenso (Mudar de faixa),19,Sueli Lopes,5.0,4.0,Positivo,"O atendimento da escola foi ótimo, e as aulas com a Sueli Lopes foram perfeitas."
c6890272,2023-07-16,22,Trauma (acidente anterior),Dirigir à noite / Chuva,20,Sueli Lopes,4.0,5.0,Positivo,
3051cd8e,2023-01-12,35,Trauma (acidente anterior),Dirigir à noite / Chuva,16,Aline dos Santos,5.0,5.0,Positivo,Perdi totalmente o medo de dirigir graças à escola. Recomendo muito!
985b1ee3,2024-08-10,24,Insegurança em rodovias/velocidade,Trânsito intenso (Mudar de faixa),12,Giovana Cordeiro,5.0,5.0,Positivo,
3d99ae8e,2025-05-03,33,Insegurança em rodovias/velocidade,Estacionar (Baliza/Vaga de shopping),8,Aline dos Santos,5.0,5.0,Positivo,
9be5ecb9,2025-10-25,26,Trânsito intenso / Agressividade,Controle de embreagem (Subidas),12,Sueli Lopes,5.0,4.0,Positivo,Excelente didática. Agora consigo estacionar e andar no trânsito sem ansiedade.
6e757ac1,2024-06-27,54,Medo de ladeiras/subidas,Dirigir em rodovias,5,Sueli Lopes,3.0,2.0,Negativo,O carro falhou duas vezes na subida. Fiquei mais nervosa do que já estava.
65b12cac,2024-11-30,39,Medo de errar e ser julgada,Dirigir em rodovias,15,Maria Eduarda,5.0,5.0,Positivo,
62238967,2025-03-07,26,Medo de ladeiras/subidas,Trânsito intenso (Mudar de faixa),20,Giovana Cordeiro,5.0,4.0,Positivo,"O atendimento da escola foi ótimo, e as aulas com a Giovana Cordeiro foram perfeitas."
b9ae6457,2023-07-21,37,Medo de errar e ser julgada,Dirigir em rodovias,8,Giovana Cordeiro,4.0,5.0,Positivo,A flexibilidade de horários da escola me ajudou muito.
03937731,2023-10-25,44,Insegurança em rodovias/velocidade,Dirigir à noite / Chuva,3,Giovana Cordeiro,2.0,3.0,Negativo,
d98a3d7d,2025-09-03,43,Falta de prática (anos sem dirigir),Trânsito intenso (Mudar de faixa),14,Giovana Cordeiro,5.0,4.0,Positivo,
5c48a993,2023-03-09,49,Insegurança em rodovias/velocidade,Controle de embreagem (Subidas),19,Sueli Lopes,5.0,4.0,Positivo,"Didática excelente da Sueli Lopes, me senti segura desde a primeira aula."
1d3c302d,2024-07-06,24,Falta de prática (anos sem dirigir),Manobras em geral (Ré),8,Maria Eduarda,5.0,5.0,Positivo,"Achei que nunca mais ia dirigir, mas o método da Maria Eduarda funciona. Estou feliz!"
793be7ba,2023-01-19,29,Falta de prática (anos sem dirigir),Manobras em geral (Ré),17,Sueli Lopes,4.0,5.0,Positivo,A flexibilidade de horários da escola me ajudou muito.
0f1c92c4,2025-01-08,30,Trauma (acidente anterior),Estacionar (Baliza/Vaga de shopping),18,Giovana Cordeiro,5.0,4.0,Positivo,Consegui vencer meu trauma. A Giovana Cordeiro foi fundamental nesse processo.
c1d0d803,2025-02-10,48,Trauma (acidente anterior),Manobras em geral (Ré),9,Sueli Lopes,4.0,5.0,Positivo,A Sueli Lopes me ensinou 'macetes' de estacionamento que nenhuma autoescola ensina.
a7324cd6,2025-02-02,30,Falta de prática (anos sem dirigir),Trânsito intenso (Mudar de faixa),6,Fatima Reis,3.0,4.0,Negativo,"Ela não me ensinou a estacionar direito, só ficamos andando pelo bairro."
67fea774,2023-02-11,24,Ansiedade geral / Pânico,Trânsito intenso (Mudar de faixa),11,Sueli Lopes,4.0,4.0,Positivo,Ela foi muito profissional ao lidar com minha crise de ansiedade na primeira aula.
f9cc82ce,2024-07-26,40,Trauma (acidente anterior),Trânsito intenso (Mudar de faixa),18,Giovana Cordeiro,4.0,5.0,Positivo,Ela entendeu exatamente meu medo (ladeiras) e focou nisso até eu me sentir segura.
0f3c1cea,2025-07-26,49,Insegurança em rodovias/velocidade,Controle de embreagem (Subidas),11,Maria Eduarda,4.0,,Positivo,"Valeu o investimento, hoje tenho minha independência."
0a8013f2,2024-11-18,46,Medo de ladeiras/subidas,Dirigir em rodovias,16,Sueli Lopes,4.0,5.0,Positivo,Aprendi a dirigir em rodovia e hoje viajo sozinha. Gratidão à Sueli Lopes.
85c22252,2024-11-13,44,Trânsito intenso / Agressividade,Controle de embreagem (Subidas),9,Maria Eduarda,4.0,,Positivo,"Didática excelente da Maria Eduarda, me senti segura desde a primeira aula."
1bf78c65,2025-08-19,31,Trânsito intenso / Agressividade,Controle de embreagem (Subidas),11,Sueli Lopes,5.0,4.0,Positivo,
a65c9b5a,2025-03-17,36,Ansiedade geral / Pânico,Trânsito intenso (Mudar de faixa),16,Maria Eduarda,5.0,,Positivo,Perdi totalmente o medo de dirigir graças à escola. Recomendo muito!
50bc51f9,2023-06-29,27,Medo de ladeiras/subidas,Controle de embreagem (Subidas),8,Sueli Lopes,5.0,5.0,Positivo,"A Sueli Lopes não gritou, não foi irônica. Foi 100% apoio."
7ed2a78d,2023-12-21,33,Medo de ladeiras/subidas,Manobras em geral (Ré),8,Sueli Lopes,5.0,5.0,Positivo,A instrutora Sueli Lopes me deu dicas que vou levar para a vida.
ede95f57,2024-04-01,41,Trânsito intenso / Agressividade,Dirigir em rodovias,10,Giovana Cordeiro,4.0,5.0,Positivo,"Didática excelente da Giovana Cordeiro, me senti segura desde a primeira aula."
dc2d0371,2023-07-03,26,Ansiedade geral / Pânico,Dirigir em rodovias,11,Maria Eduarda,,5.0,,"Didática excelente da Maria Eduarda, me senti segura desde a primeira aula."
3174899d,2024-08-03,48,Trauma (acidente anterior),Controle de embreagem (Subidas),11,Giovana Cordeiro,4.0,4.0,Positivo,"O atendimento da escola foi ótimo, e as aulas com a Giovana Cordeiro foram perfeitas."
a372aac6,2024-11-06,26,Ansiedade geral / Pânico,Estacionar (Baliza/Vaga de shopping),12,Fatima Reis,5.0,4.0,Positivo,Ela me ensinou a dirigir na chuva e à noite. Estou pronta!
997894a2,2023-03-16,33,Insegurança em rodovias/velocidade,Controle de embreagem (Subidas),8,Aline dos Santos,4.0,,Positivo,Ela me ensinou a dirigir na chuva e à noite. Estou pronta!
5e2f17ec,2023-09-12,41,Medo de ladeiras/subidas,Manobras em geral (Ré),16,Maria Eduarda,4.0,5.0,Positivo,"A comunicação com a escola é fácil, respondem rápido no WhatsApp."
9a95a49a,2023-05-25,45,Trânsito intenso / Agressividade,Estacionar (Baliza/Vaga de shopping),8,Aline dos Santos,5.0,,Positivo,
52c73b61,2023-01-13,55,Ansiedade geral / Pânico,Dirigir em rodovias,19,Fatima Reis,4.0,5.0,Positivo,
8abfd269,2024-04-20,41,Insegurança em rodovias/velocidade,Trânsito intenso (Mudar de faixa),8,Aline dos Santos,,5.0,,Recomendo a Aline dos Santos para qualquer pessoa que tenha pânico de dirigir.
784b322b,2024-09-14,42,Medo de ladeiras/subidas,Manobras em geral (Ré),5,Fatima Reis,3.0,2.0,Negativo,Não senti que evoluí. A Fatima Reis não entendeu meu medo real.
e6068184,2024-05-16,22,Medo de errar e ser julgada,Trânsito intenso (Mudar de faixa),19,Giovana Cordeiro,5.0,5.0,Positivo,A flexibilidade de horários da escola me ajudou muito.
54ee37fc,2024-09-23,25,Trauma (acidente anterior),Trânsito intenso (Mudar de faixa),18,Maria Eduarda,4.0,4.0,Positivo,O carro com direção hidráulica e ar fez toda a diferença.
0defccb8,2025-04-14,33,Medo de errar e ser julgada,Dirigir em rodovias,10,Sueli Lopes,2.0,,Negativo,
183668c4,2024-08-10,23,Ansiedade geral / Pânico,Trânsito intenso (Mudar de faixa),20,Maria Eduarda,,5.0,,Ela entendeu exatamente meu medo (ladeiras) e focou nisso até eu me sentir segura.
d602a0ca,2023-08-02,30,Ansiedade geral / Pânico,Dirigir à noite / Chuva,13,Giovana Cordeiro,4.0,4.0,Positivo,"Aulas focadas no que eu realmente precisava, sem enrolação."
45fec8a3,2024-01-26,46,Trauma (acidente anterior),Controle de embreagem (Subidas),18,Aline dos Santos,4.0,5.0,Positivo,Ela me ensinou a dirigir na chuva e à noite. Estou pronta!
8eab357d,2023-08-05,36,Trânsito intenso / Agressividade,Controle de embreagem (Subidas),13,Maria Eduarda,5.0,4.0,Positivo,"Desde a recepção até a instrutora, todos na escola são muito atenciosos."
60a74726,2023-10-02,46,Ansiedade geral / Pânico,Estacionar (Baliza/Vaga de shopping),18,Aline dos Santos,4.0,5.0,Positivo,Agora sim me sinto habilitada de verdade! Obrigada Aline dos Santos!
189cbf7d,2025-10-03,29,Trânsito intenso / Agressividade,Manobras em geral (Ré),10,Fatima Reis,3.0,4.0,Negativo,Cancelei uma aula com 24h de antecedência e mesmo assim a escola me cobrou.
27331651,2024-11-12,30,Trauma (acidente anterior),Controle de embreagem (Subidas),12,Aline dos Santos,5.0,5.0,Positivo,Consegui vencer meu trauma. A Aline dos Santos foi fundamental nesse processo.
3bb89fe8,2025-08-26,45,Falta de prática (anos sem dirigir),Dirigir à noite / Chuva,15,Sueli Lopes,4.0,4.0,Positivo,A Sueli Lopes me ensinou 'macetes' de estacionamento que nenhuma autoescola ensina.
d9113d28,2023-03-20,25,Ansiedade geral / Pânico,Dirigir à noite / Chuva,17,Maria Eduarda,5.0,4.0,Positivo,A instrutora Maria Eduarda me deu dicas que vou levar para a vida.
907b3f65,2025-06-26,32,Ansiedade geral / Pânico,Estacionar (Baliza/Vaga de shopping),9,Giovana Cordeiro,5.0,5.0,Positivo,"A Giovana Cordeiro não gritou, não foi irônica. Foi 100% apoio."
83bcca7c,2024-09-17,24,Trânsito intenso / Agressividade,Trânsito intenso (Mudar de faixa),10,Aline dos Santos,5.0,4.0,Positivo,
30b4ae5e,2024-02-25,43,Trauma (acidente anterior),Dirigir em rodovias,10,Giovana Cordeiro,5.0,,Positivo,"Em apenas 5 aulas com a Giovana Cordeiro, minha evolução foi gigantesca."
9f90f844,2024-01-23,26,Trânsito intenso / Agressividade,Dirigir em rodovias,17,Giovana Cordeiro,4.0,5.0,Positivo,"Desde a recepção até a instrutora, todos na escola são muito atenciosos."
43b6442c,2023-06-05,43,Medo de ladeiras/subidas,Dirigir à noite / Chuva,18,Maria Eduarda,4.0,,Positivo,Consegui vencer meu trauma. A Maria Eduarda foi fundamental nesse processo.
df7f3642,2023-01-18,44,Trauma (acidente anterior),Trânsito intenso (Mudar de faixa),3,Fatima Reis,2.0,3.0,Negativo,"Ela não me ensinou a estacionar direito, só ficamos andando pelo bairro."
a11d2abf,2023-03-13,46,Insegurança em rodovias/velocidade,Trânsito intenso (Mudar de faixa),13,Sueli Lopes,5.0,5.0,Positivo,
36c2b8f2,2025-02-13,27,Ansiedade geral / Pânico,Dirigir à noite / Chuva,18,Giovana Cordeiro,4.0,5.0,Positivo,Consegui vencer meu trauma. A Giovana Cordeiro foi fundamental nesse processo.
c3daa6f0,2023-06-15,44,Trauma (acidente anterior),Controle de embreagem (Subidas),8,Fatima Reis,2.0,3.0,Negativo,"A Fatima Reis ficava freando o carro por mim, não me deixou aprender."
f803eee3,2023-04-11,28,Medo de ladeiras/subidas,Estacionar (Baliza/Vaga de shopping),7,Fatima Reis,2.0,2.0,Negativo,
97fded45,2023-09-06,29,Insegurança em rodovias/velocidade,Manobras em geral (Ré),7,Fatima Reis,3.0,4.0,Negativo,"Achei a Fatima Reis um pouco ríspida, não me senti à vontade para tirar dúvidas."
46369773,2024-01-09,37,Trânsito intenso / Agressividade,Dirigir em rodovias,8,Fatima Reis,3.0,3.0,Negativo,
96a75334,2023-12-04,33,Medo de errar e ser julgada,Estacionar (Baliza/Vaga de shopping),17,Maria Eduarda,,5.0,,A Maria Eduarda me ensinou 'macetes' de estacionamento que nenhuma autoescola ensina.
3811bfe5,2023-05-13,26,Ansiedade geral / Pânico,Dirigir em rodovias,8,Sueli Lopes,5.0,4.0,Positivo,"A comunicação com a escola é fácil, respondem rápido no WhatsApp."
dc65222c,2023-07-06,48,Medo de ladeiras/subidas,Manobras em geral (Ré),10,Fatima Reis,2.0,4.0,Negativo,"Paguei por 60 minutos, mas a aula com a Fatima Reis terminou 10 minutos antes."
9a25f407,2024-08-29,38,Medo de errar e ser julgada,Dirigir à noite / Chuva,4,Aline dos Santos,2.0,2.0,Negativo,
fd3fc631,2024-08-25,40,Insegurança em rodovias/velocidade,Dirigir em rodovias,9,Maria Eduarda,2.0,2.0,Negativo,"Paguei por 60 minutos, mas a aula com a Maria Eduarda terminou 10 minutos antes."
b58b084f,2025-07-31,29,Ansiedade geral / Pânico,Dirigir à noite / Chuva,12,Aline dos Santos,4.0,5.0,Positivo,
f587c649,2025-01-29,32,Insegurança em rodovias/velocidade,Dirigir à noite / Chuva,10,Aline dos Santos,5.0,5.0,Positivo,Perdi totalmente o medo de dirigir graças à escola. Recomendo muito!
ebc5c74c,2023-03-31,38,Ansiedade geral / Pânico,Trânsito intenso (Mudar de faixa),20,Aline dos Santos,5.0,5.0,Positivo,Ela foi muito profissional ao lidar com minha crise de ansiedade na primeira aula.
cc720b7a,2024-07-09,42,Medo de ladeiras/subidas,Estacionar (Baliza/Vaga de shopping),10,Fatima Reis,2.0,4.0,Negativo,Senti que fui enrolada. Fiz 10 aulas e aprendi menos do que em 2 com uma amiga.
77ebd3c1,2025-02-20,42,Insegurança em rodovias/velocidade,Controle de embreagem (Subidas),17,Aline dos Santos,4.0,4.0,Positivo,Recomendo a Aline dos Santos para qualquer pessoa que tenha pânico de dirigir.
cd16f057,2023-11-05,36,Trauma (acidente anterior),Controle de embreagem (Subidas),9,Maria Eduarda,4.0,5.0,Positivo,A instrutora Maria Eduarda tem uma energia ótima e tornou as aulas leves e divertidas.
803028c6,2024-10-25,32,Ansiedade geral / Pânico,Dirigir em rodovias,10,Fatima Reis,2.0,3.0,Negativo,Instrutora Fatima Reis chegou atrasada e não pareceu se importar.
b13ca379,2024-08-19,43,Ansiedade geral / Pânico,Estacionar (Baliza/Vaga de shopping),12,Sueli Lopes,5.0,4.0,Positivo,
9e224617,2025-06-19,24,Ansiedade geral / Pânico,Dirigir em rodovias,9,Sueli Lopes,4.0,5.0,Positivo,"Desde a recepção até a instrutora, todos na escola são muito atenciosos."
c6e525ca,2024-03-02,51,Medo de ladeiras/subidas,Estacionar (Baliza/Vaga de shopping),14,Aline dos Santos,5.0,5.0,Positivo,Recomendo a Aline dos Santos para qualquer pessoa que tenha pânico de dirigir.
354d0813,2023-12-26,50,Trânsito intenso / Agressividade,Manobras em geral (Ré),9,Giovana Cordeiro,4.0,5.0,Positivo,A flexibilidade de horários da escola me ajudou muito.
5952b222,2024-08-22,46,Trânsito intenso / Agressividade,Manobras em geral (Ré),20,Maria Eduarda,4.0,5.0,Positivo,"Didática excelente da Maria Eduarda, me senti segura desde a primeira aula."
1c9bd970,2023-02-15,42,Medo de ladeiras/subidas,Controle de embreagem (Subidas),8,Fatima Reis,1.0,4.0,Negativo,A escola nunca atende o telefone. Difícil conseguir contato.
59b58005,2023-04-04,32,Medo de ladeiras/subidas,Estacionar (Baliza/Vaga de shopping),3,Fatima Reis,3.0,2.0,Negativo,"Ela não teve paciência com meu trauma, só queria que eu acelerasse."
b57a4552,2025-08-27,34,Trânsito intenso / Agressividade,Trânsito intenso (Mudar de faixa),8,Sueli Lopes,4.0,5.0,Positivo,"Didática excelente da Sueli Lopes, me senti segura desde a primeira aula."
deebb39d,2025-03-28,46,Trânsito intenso / Agressividade,Manobras em geral (Ré),11,Aline dos Santos,,5.0,,
0cb01ef9,2023-02-24,37,Falta de prática (anos sem dirigir),Trânsito intenso (Mudar de faixa),10,Maria Eduarda,5.0,5.0,Positivo,"Didática excelente da Maria Eduarda, me senti segura desde a primeira aula."
49e7b737,2025-08-23,26,Trauma (acidente anterior),Estacionar (Baliza/Vaga de shopping),19,Aline dos Santos,5.0,4.0,Positivo,"Muito profissional, pontual e paciente. Valeu cada centavo."
0d6b02e6,2025-01-30,25,Medo de ladeiras/subidas,Estacionar (Baliza/Vaga de shopping),10,Fatima Reis,3.0,4.0,Negativo,Não senti que evoluí. A Fatima Reis não entendeu meu medo real.
ff5324dd,2024-08-18,32,Medo de ladeiras/subidas,Manobras em geral (Ré),10,Sueli Lopes,5.0,4.0,Positivo,A flexibilidade de horários da escola me ajudou muito.
d421002e,2025-07-12,38,Trauma (acidente anterior),Trânsito intenso (Mudar de faixa),14,Maria Eduarda,5.0,5.0,Positivo,A instrutora Maria Eduarda tem uma energia ótima e tornou as aulas leves e divertidas.
4fc1694e,2024-08-11,39,Ansiedade geral / Pânico,Controle de embreagem (Subidas),15,Fatima Reis,4.0,4.0,Positivo,"Didática excelente da Fatima Reis, me senti segura desde a primeira aula."
f9cb4cc8,2023-09-21,25,Medo de errar e ser julgada,Dirigir à noite / Chuva,15,Maria Eduarda,4.0,5.0,Positivo,"A comunicação com a escola é fácil, respondem rápido no WhatsApp."
dbcde63d,2023-08-09,46,Medo de ladeiras/subidas,Controle de embreagem (Subidas),8,Giovana Cordeiro,2.0,2.0,Negativo,O carro falhou duas vezes na subida. Fiquei mais nervosa do que já estava.
cfaf3300,2023-03-23,43,Medo de errar e ser julgada,Dirigir à noite / Chuva,19,Giovana Cordeiro,,5.0,,Ela me ensinou a dirigir na chuva e à noite. Estou pronta!
0cc258a8,2024-03-27,37,Trauma (acidente anterior),Controle de embreagem (Subidas),15,Maria Eduarda,5.0,,Positivo,
2f5d9a29,2025-06-17,49,Trânsito intenso / Agressividade,Manobras em geral (Ré),10,Giovana Cordeiro,4.0,,Positivo,
e5e70e9e,2025-08-19,39,Medo de errar e ser julgada,Dirigir à noite / Chuva,18,Giovana Cordeiro,4.0,4.0,Positivo,
3f23e51d,2024-07-06,28,Trânsito intenso / Agressividade,Estacionar (Baliza/Vaga de shopping),3,Fatima Reis,2.0,3.0,Negativo,
1ab10fc8,2024-04-26,39,Medo de ladeiras/subidas,Estacionar (Baliza/Vaga de shopping),9,Sueli Lopes,4.0,4.0,Positivo,
80a7f67d,2024-05-28,37,Trauma (acidente anterior),Manobras em geral (Ré),13,Fatima Reis,5.0,5.0,Positivo,Recomendo a Fatima Reis para qualquer pessoa que tenha pânico de dirigir.
40c7e83b,2025-06-12,38,Insegurança em rodovias/velocidade,Trânsito intenso (Mudar de faixa),19,Aline dos Santos,5.0,4.0,Positivo,A instrutora Aline dos Santos tem uma energia ótima e tornou as aulas leves e divertidas.
daa0df61,2023-03-08,25,Ansiedade geral / Pânico,Estacionar (Baliza/Vaga de shopping),5,Maria Eduarda,2.0,2.0,Negativo,A Maria Eduarda ficava me apressando na hora de estacionar.
3a96a46f,2023-10-24,31,Ansiedade geral / Pânico,Manobras em geral (Ré),17,Aline dos Santos,4.0,5.0,Positivo,
786ef482,2024-07-03,52,Falta de prática (anos sem dirigir),Dirigir à noite / Chuva,18,Giovana Cordeiro,,,,Perdi totalmente o medo de dirigir graças à escola. Recomendo muito!
21744c58,2024-01-17,47,Ansiedade geral / Pânico,Dirigir à noite / Chuva,14,Maria Eduarda,5.0,5.0,Positivo,"A instrutora Maria Eduarda é calma, simpática e passa muita tranquilidade."
270fb13d,2023-09-09,27,Medo de ladeiras/subidas,Controle de embreagem (Subidas),16,Giovana Cordeiro,5.0,5.0,Positivo,"Desde a recepção até a instrutora, todos na escola são muito atenciosos."
2f888563,2023-02-20,55,Ansiedade geral / Pânico,Manobras em geral (Ré),18,Aline dos Santos,5.0,4.0,Positivo,Excelente didática. Agora consigo estacionar e andar no trânsito sem ansiedade.
b29874d7,2024-06-15,40,Medo de ladeiras/subidas,Dirigir em rodovias,15,Sueli Lopes,5.0,4.0,Positivo,"Valeu o investimento, hoje tenho minha independência."
af8d84f6,2023-11-08,46,Trauma (acidente anterior),Dirigir em rodovias,13,Aline dos Santos,5.0,5.0,Positivo,Ela me ensinou a dirigir na chuva e à noite. Estou pronta!
f40cd57e,2025-07-18,49,Falta de prática (anos sem dirigir),Estacionar (Baliza/Vaga de shopping),13,Sueli Lopes,5.0,4.0,Positivo,
fa0823d8,2025-10-22,49,Insegurança em rodovias/velocidade,Estacionar (Baliza/Vaga de shopping),8,Maria Eduarda,5.0,4.0,Positivo,O carro com direção hidráulica e ar fez toda a diferença.
9a958e14,2023-04-05,38,Trânsito intenso / Agressividade,Estacionar (Baliza/Vaga de shopping),15,Maria Eduarda,5.0,4.0,Positivo,"A Maria Eduarda não gritou, não foi irônica. Foi 100% apoio."
08b21c63,2025-06-01,41,Falta de prática (anos sem dirigir),Controle de embreagem (Subidas),15,Giovana Cordeiro,5.0,4.0,Positivo,
150838a1,2023-02-17,31,Falta de prática (anos sem dirigir),Controle de embreagem (Subidas),20,Maria Eduarda,4.0,4.0,Positivo,
ac6f9e4b,2025-07-15,42,Trânsito intenso / Agressividade,Trânsito intenso (Mudar de faixa),6,Sueli Lopes,2.0,2.0,Negativo,A Sueli Lopes ficava me apressando na hora de estacionar.
40878c55,2025-10-29,36,Ansiedade geral / Pânico,Estacionar (Baliza/Vaga de shopping),15,Maria Eduarda,4.0,4.0,Positivo,
2dcf063c,2024-03-04,43,Falta de prática (anos sem dirigir),Trânsito intenso (Mudar de faixa),19,Maria Eduarda,4.0,5.0,Positivo,"Didática excelente da Maria Eduarda, me senti segura desde a primeira aula."
51983c05,2023-12-18,45,Ansiedade geral / Pânico,Dirigir em rodovias,17,Maria Eduarda,5.0,5.0,Positivo,"Didática excelente da Maria Eduarda, me senti segura desde a primeira aula."
a9f11ede,2025-06-10,48,Falta de prática (anos sem dirigir),Controle de embreagem (Subidas),10,Giovana Cordeiro,4.0,4.0,Positivo,"Didática excelente da Giovana Cordeiro, me senti segura desde a primeira aula."
222b0b46,2025-08-09,45,Ansiedade geral / Pânico,Dirigir em rodovias,9,Maria Eduarda,5.0,4.0,Positivo,Perdi totalmente o medo de dirigir graças à escola. Recomendo muito!
9cec0610,2024-05-21,38,Medo de errar e ser julgada,Controle de embreagem (Subidas),16,Maria Eduarda,4.0,4.0,Positivo,
5c736cee,2023-01-11,25,Trânsito intenso / Agressividade,Estacionar (Baliza/Vaga de shopping),3,Fatima Reis,2.0,3.0,Negativo,A escola nunca atende o telefone. Difícil conseguir contato.
0ec2f77d,2024-03-15,38,Ansiedade geral / Pânico,Estacionar (Baliza/Vaga de shopping),20,Aline dos Santos,5.0,5.0,Positivo,"O carro da aula era novo, limpo e muito fácil de dirigir."
7e6d7e5c,2023-05-11,24,Falta de prática (anos sem dirigir),Trânsito intenso (Mudar de faixa),19,Maria Eduarda,4.0,5.0,Positivo,Fiz a aula no meu próprio carro e foi ótimo para eu pegar confiança nele.
8b723331,2025-10-09,36,Trânsito intenso / Agressividade,Trânsito intenso (Mudar de faixa),10,Aline dos Santos,5.0,4.0,Positivo,
718b1c44,2025-03-13,28,Trânsito intenso / Agressividade,Estacionar (Baliza/Vaga de shopping),8,Fatima Reis,4.0,4.0,Positivo,A Fatima Reis me ensinou 'macetes' de estacionamento que nenhuma autoescola ensina.
a2eae952,2023-08-26,47,Medo de errar e ser julgada,Dirigir em rodovias,17,Giovana Cordeiro,,5.0,,Fiz a aula no meu próprio carro e foi ótimo para eu pegar confiança nele.
a3eaf75b,2024-01-13,44,Medo de ladeiras/subidas,Dirigir em rodovias,19,Sueli Lopes,5.0,4.0,Positivo,Ela foi muito profissional ao lidar com minha crise de ansiedade na primeira aula.
65f5ea44,2025-07-27,46,Insegurança em rodovias/velocidade,Dirigir em rodovias,16,Aline dos Santos,5.0,,Positivo,"Desde a recepção até a instrutora, todos na escola são muito atenciosos."
8dc7bb64,2024-09-26,34,Falta de prática (anos sem dirigir),Estacionar (Baliza/Vaga de shopping),10,Maria Eduarda,5.0,4.0,Positivo,"O carro da aula era novo, limpo e muito fácil de dirigir."
a9826731,2025-04-09,35,Falta de prática (anos sem dirigir),Controle de embreagem (Subidas),12,Aline dos Santos,5.0,4.0,Positivo,"Didática excelente da Aline dos Santos, me senti segura desde a primeira aula."
fd6cf647,2025-05-22,34,Medo de ladeiras/subidas,Controle de embreagem (Subidas),13,Sueli Lopes,4.0,,Positivo,"A Sueli Lopes não gritou, não foi irônica. Foi 100% apoio."
1f45865e,2023-11-28,27,Medo de errar e ser julgada,Dirigir à noite / Chuva,18,Sueli Lopes,5.0,5.0,Positivo,Ela foi muito profissional ao lidar com minha crise de ansiedade na primeira aula.
512ef688,2024-04-08,36,Falta de prática (anos sem dirigir),Manobras em geral (Ré),12,Giovana Cordeiro,4.0,4.0,Positivo,A flexibilidade de horários da escola me ajudou muito.
78d16199,2025-09-10,40,Medo de ladeiras/subidas,Controle de embreagem (Subidas),17,Sueli Lopes,,5.0,,"Muito profissional, pontual e paciente. Valeu cada centavo."
31c90aaf,2024-11-23,39,Medo de errar e ser julgada,Trânsito intenso (Mudar de faixa),9,Maria Eduarda,5.0,4.0,Positivo,Ela entendeu exatamente meu medo (ladeiras) e focou nisso até eu me sentir segura.
17c2710d,2023-06-14,43,Insegurança em rodovias/velocidade,Manobras em geral (Ré),12,Aline dos Santos,5.0,5.0,Positivo,"A comunicação com a escola é fácil, respondem rápido no WhatsApp."
c8b36553,2024-08-24,55,Medo de ladeiras/subidas,Estacionar (Baliza/Vaga de shopping),14,Sueli Lopes,5.0,4.0,Positivo,Aprendi a dirigir em rodovia e hoje viajo sozinha. Gratidão à Sueli Lopes.
b426f176,2024-04-06,32,Insegurança em rodovias/velocidade,Manobras em geral (Ré),17,Sueli Lopes,,4.0,,Ela entendeu exatamente meu medo (ladeiras) e focou nisso até eu me sentir segura.
5a8b1d5d,2024-11-29,26,Medo de ladeiras/subidas,Dirigir à noite / Chuva,8,Sueli Lopes,4.0,5.0,Positivo,
08b865a1,2025-06-03,47,Trauma (acidente anterior),Controle de embreagem (Subidas),12,Giovana Cordeiro,4.0,4.0,Positivo,"A Giovana Cordeiro não gritou, não foi irônica. Foi 100% apoio."
eae12aa1,2024-12-23,29,Ansiedade geral / Pânico,Manobras em geral (Ré),15,Maria Eduarda,4.0,5.0,Positivo,"Valeu o investimento, hoje tenho minha independência."
934dc180,2023-11-01,44,Ansiedade geral / Pânico,Dirigir em rodovias,10,Giovana Cordeiro,5.0,,Positivo,Agora sim me sinto habilitada de verdade! Obrigada Giovana Cordeiro!
31e1b4ea,2024-10-23,37,Medo de ladeiras/subidas,Controle de embreagem (Subidas),5,Sueli Lopes,2.0,4.0,Negativo,O carro falhou duas vezes na subida. Fiquei mais nervosa do que já estava.
7470b7ce,2024-06-06,25,Trauma (acidente anterior),Trânsito intenso (Mudar de faixa),12,Aline dos Santos,4.0,4.0,Positivo,"Muito profissional, pontual e paciente. Valeu cada centavo."
c42f0a45,2025-09-17,35,Trauma (acidente anterior),Controle de embreagem (Subidas),15,Aline dos Santos,4.0,,Positivo,"A comunicação com a escola é fácil, respondem rápido no WhatsApp."
ab40833f,2025-07-25,22,Medo de ladeiras/subidas,Manobras em geral (Ré),7,Aline dos Santos,3.0,2.0,Negativo,A Aline dos Santos falava muito da vida pessoal dela e pouco sobre direção.
9eff4844,2024-09-12,47,Medo de errar e ser julgada,Controle de embreagem (Subidas),12,Aline dos Santos,4.0,5.0,Positivo,Perdi totalmente o medo de dirigir graças à escola. Recomendo muito!
e3c73bd1,2023-03-05,46,Medo de ladeiras/subidas,Manobras em geral (Ré),7,Fatima Reis,3.0,2.0,Negativo,Não gostei da abordagem. Parecia que ela estava com pressa para terminar a aula.
20b6a76e,2023-12-11,23,Trânsito intenso / Agressividade,Controle de embreagem (Subidas),9,Aline dos Santos,,4.0,,Finalmente fiz minha rota para o trabalho. Obrigada Aline dos Santos por toda a paciência!
ac8ed9a3,2024-02-15,34,Trânsito intenso / Agressividade,Dirigir à noite / Chuva,19,Aline dos Santos,4.0,4.0,Positivo,Consegui vencer meu trauma. A Aline dos Santos foi fundamental nesse processo.
8e3a0f56,2025-01-03,22,Falta de prática (anos sem dirigir),Estacionar (Baliza/Vaga de shopping),11,Maria Eduarda,5.0,4.0,Positivo,Ela me ensinou a dirigir na chuva e à noite. Estou pronta!
8f63dd39,2023-08-09,43,Medo de errar e ser julgada,Estacionar (Baliza/Vaga de shopping),16,Maria Eduarda,4.0,5.0,Positivo,"Muito profissional, pontual e paciente. Valeu cada centavo."
9c08f12b,2023-05-26,22,Falta de prática (anos sem dirigir),Dirigir à noite / Chuva,15,Giovana Cordeiro,5.0,4.0,Positivo,A Giovana Cordeiro me ensinou 'macetes' de estacionamento que nenhuma autoescola ensina.
4124d400,2023-07-15,55,Medo de errar e ser julgada,Controle de embreagem (Subidas),10,Aline dos Santos,4.0,5.0,Positivo,"Achei que nunca mais ia dirigir, mas o método da Aline dos Santos funciona. Estou feliz!"
b00b433d,2024-06-10,32,Medo de errar e ser julgada,Estacionar (Baliza/Vaga de shopping),9,Giovana Cordeiro,4.0,4.0,Positivo,Consegui vencer meu trauma. A Giovana Cordeiro foi fundamental nesse processo.
0d9c1472,2023-11-21,53,Medo de errar e ser julgada,Trânsito intenso (Mudar de faixa),17,Sueli Lopes,4.0,5.0,Positivo,"Achei que nunca mais ia dirigir, mas o método da Sueli Lopes funciona. Estou feliz!"
1c1b58f2,2023-04-10,41,Falta de prática (anos sem dirigir),Trânsito intenso (Mudar de faixa),14,Aline dos Santos,5.0,5.0,Positivo,Aprendi a dirigir em rodovia e hoje viajo sozinha. Gratidão à Aline dos Santos.
ab33d188,2023-02-11,24,Ansiedade geral / Pânico,Dirigir em rodovias,12,Giovana Cordeiro,4.0,4.0,Positivo,
bccee9dd,2025-04-05,42,Ansiedade geral / Pânico,Trânsito intenso (Mudar de faixa),14,Sueli Lopes,,5.0,,Consegui vencer meu trauma. A Sueli Lopes foi fundamental nesse processo.
b6d1ef3f,2023-08-22,35,Trânsito intenso / Agressividade,Trânsito intenso (Mudar de faixa),19,Sueli Lopes,4.0,5.0,Positivo,Agora sim me sinto habilitada de verdade! Obrigada Sueli Lopes!
8aa69325,2023-09-29,49,Medo de ladeiras/subidas,Dirigir em rodovias,11,Maria Eduarda,5.0,4.0,Positivo,Finalmente fiz minha rota para o trabalho. Obrigada Maria Eduarda por toda a paciência!
93f3323e,2023-05-17,22,Falta de prática (anos sem dirigir),Estacionar (Baliza/Vaga de shopping),3,Fatima Reis,2.0,4.0,Negativo,O carro falhou duas vezes na subida. Fiquei mais nervosa do que já estava.
a039b500,2023-05-23,43,Trânsito intenso / Agressividade,Controle de embreagem (Subidas),11,Maria Eduarda,5.0,5.0,Positivo,
15374941,2023-12-17,50,Insegurança em rodovias/velocidade,Dirigir à noite / Chuva,10,Giovana Cordeiro,4.0,4.0,Positivo,A instrutora Giovana Cordeiro me deu dicas que vou levar para a vida.
a98868b1,2023-09-16,39,Medo de errar e ser julgada,Manobras em geral (Ré),9,Fatima Reis,3.0,2.0,Negativo,O carro falhou duas vezes na subida. Fiquei mais nervosa do que já estava.
a6d193c3,2023-10-07,47,Insegurança em rodovias/velocidade,Dirigir à noite / Chuva,8,Aline dos Santos,5.0,5.0,Positivo,"A instrutora Aline dos Santos é calma, simpática e passa muita tranquilidade."
212fb2ff,2024-02-25,29,Insegurança em rodovias/velocidade,Dirigir à noite / Chuva,17,Sueli Lopes,5.0,5.0,Positivo,"Didática excelente da Sueli Lopes, me senti segura desde a primeira aula."
5e5bc146,2025-06-13,46,Falta de prática (anos sem dirigir),Dirigir à noite / Chuva,10,Aline dos Santos,5.0,5.0,Positivo,Finalmente fiz minha rota para o trabalho. Obrigada Aline dos Santos por toda a paciência!
bd880e9a,2025-05-03,52,Trânsito intenso / Agressividade,Trânsito intenso (Mudar de faixa),15,Sueli Lopes,5.0,5.0,Positivo,Perdi totalmente o medo de dirigir graças à escola. Recomendo muito!
57455932,2023-08-17,52,Medo de ladeiras/subidas,Estacionar (Baliza/Vaga de shopping),19,Sueli Lopes,4.0,4.0,Positivo,A Sueli Lopes me ensinou 'macetes' de estacionamento que nenhuma autoescola ensina.
c4644e16,2023-10-03,31,Falta de prática (anos sem dirigir),Trânsito intenso (Mudar de faixa),3,Fatima Reis,2.0,4.0,Negativo,
c019c25b,2023-03-16,49,Falta de prática (anos sem dirigir),Estacionar (Baliza/Vaga de shopping),5,Fatima Reis,3.0,2.0,Negativo,Terminei o pacote de aulas me sentindo mais insegura do que comecei.
fa45e7d5,2025-01-09,29,Trauma (acidente anterior),Dirigir em rodovias,19,Aline dos Santos,5.0,5.0,Positivo,O método de ensino é progressivo e respeita o limite da aluna.
2a3e3ff7,2023-10-07,53,Trauma (acidente anterior),Trânsito intenso (Mudar de faixa),19,Giovana Cordeiro,4.0,5.0,Positivo,"Aulas focadas no que eu realmente precisava, sem enrolação."
f668d07f,2025-07-29,43,Ansiedade geral / Pânico,Dirigir à noite / Chuva,12,Fatima Reis,4.0,5.0,Positivo,"Valeu o investimento, hoje tenho minha independência."
6e25c3ac,2023-02-01,52,Falta de prática (anos sem dirigir),Estacionar (Baliza/Vaga de shopping),14,Sueli Lopes,4.0,5.0,Positivo,"A Sueli Lopes não gritou, não foi irônica. Foi 100% apoio."
2d11294b,2025-07-21,29,Ansiedade geral / Pânico,Dirigir à noite / Chuva,8,Aline dos Santos,5.0,4.0,Positivo,Aprendi a dirigir em rodovia e hoje viajo sozinha. Gratidão à Aline dos Santos.
5d98c218,2024-05-20,52,Trauma (acidente anterior),Controle de embreagem (Subidas),14,Aline dos Santos,4.0,4.0,Positivo,Ela me ensinou a dirigir na chuva e à noite. Estou pronta!
6c66e666,2024-01-15,28,Trauma (acidente anterior),Dirigir à noite / Chuva,20,Giovana Cordeiro,,5.0,,A instrutora Giovana Cordeiro tem uma energia ótima e tornou as aulas leves e divertidas.
ac873b34,2023-10-16,28,Trânsito intenso / Agressividade,Dirigir em rodovias,13,Sueli Lopes,5.0,4.0,Positivo,A flexibilidade de horários da escola me ajudou muito.
db1832dc,2023-10-14,49,Insegurança em rodovias/velocidade,Manobras em geral (Ré),9,Maria Eduarda,2.0,2.0,Negativo,
7c8c5d99,2024-10-12,40,Insegurança em rodovias/velocidade,Dirigir em rodovias,19,Aline dos Santos,5.0,,Positivo,Perdi totalmente o medo de dirigir graças à escola. Recomendo muito!
b7d6d37b,2023-09-15,22,Medo de errar e ser julgada,Dirigir em rodovias,5,Fatima Reis,2.0,4.0,Negativo,"Paguei por 60 minutos, mas a aula com a Fatima Reis terminou 10 minutos antes."
89193b6d,2025-10-05,33,Falta de prática (anos sem dirigir),Dirigir à noite / Chuva,18,Sueli Lopes,4.0,4.0,Positivo,"Em apenas 5 aulas com a Sueli Lopes, minha evolução foi gigantesca."
354eb5e3,2024-07-01,53,Trauma (acidente anterior),Estacionar (Baliza/Vaga de shopping),9,Aline dos Santos,5.0,,Positivo,"Muito profissional, pontual e paciente. Valeu cada centavo."
8af7b0a5,2023-01-11,52,Insegurança em rodovias/velocidade,Trânsito intenso (Mudar de faixa),12,Aline dos Santos,5.0,4.0,Positivo,Fiz a aula no meu próprio carro e foi ótimo para eu pegar confiança nele.
e6413963,2025-08-30,39,Ansiedade geral / Pânico,Dirigir à noite / Chuva,14,Giovana Cordeiro,4.0,4.0,Positivo,Excelente didática. Agora consigo estacionar e andar no trânsito sem ansiedade.
0a837acd,2024-06-12,44,Ansiedade geral / Pânico,Dirigir em rodovias,12,Maria Eduarda,,5.0,,"Em apenas 5 aulas com a Maria Eduarda, minha evolução foi gigantesca."
ac20070b,2023-02-11,38,Trânsito intenso / Agressividade,Trânsito intenso (Mudar de faixa),10,Giovana Cordeiro,,4.0,,"O carro da aula era novo, limpo e muito fácil de dirigir."
70651038,2023-11-24,54,Trânsito intenso / Agressividade,Manobras em geral (Ré),20,Sueli Lopes,4.0,4.0,Positivo,Consegui vencer meu trauma. A Sueli Lopes foi fundamental nesse processo.
dfea26b9,2024-04-01,48,Medo de ladeiras/subidas,Dirigir em rodovias,12,Sueli Lopes,5.0,4.0,Positivo,A flexibilidade de horários da escola me ajudou muito.
8722b6ac,2023-05-25,55,Trauma (acidente anterior),Controle de embreagem (Subidas),17,Aline dos Santos,,,,O carro com direção hidráulica e ar fez toda a diferença.
655f1d4b,2024-03-21,24,Insegurança em rodovias/velocidade,Controle de embreagem (Subidas),15,Fatima Reis,5.0,4.0,Positivo,Ela foi muito profissional ao lidar com minha crise de ansiedade na primeira aula.
398822e6,2025-10-23,35,Trânsito intenso / Agressividade,Trânsito intenso (Mudar de faixa),5,Fatima Reis,2.0,3.0,Negativo,
6b594490,2025-01-15,30,Falta de prática (anos sem dirigir),Trânsito intenso (Mudar de faixa),5,Fatima Reis,,4.0,,"A didática da Fatima Reis era confusa, ela falava muito rápido."
e80a5ea7,2023-02-19,33,Ansiedade geral / Pânico,Dirigir em rodovias,11,Aline dos Santos,,4.0,,"A comunicação com a escola é fácil, respondem rápido no WhatsApp."
67c9209b,2025-05-05,29,Medo de errar e ser julgada,Dirigir em rodovias,14,Giovana Cordeiro,4.0,,Positivo,Ela me ensinou a dirigir na chuva e à noite. Estou pronta!
c7b9cb63,2025-04-06,30,Ansiedade geral / Pânico,Controle de embreagem (Subidas),11,Giovana Cordeiro,,5.0,,"Aulas focadas no que eu realmente precisava, sem enrolação."
8211276d,2023-06-09,48,Trânsito intenso / Agressividade,Manobras em geral (Ré),14,Maria Eduarda,5.0,4.0,Positivo,Perdi totalmente o medo de dirigir graças à escola. Recomendo muito!
13523137,2023-03-20,48,Insegurança em rodovias/velocidade,Dirigir em rodovias,18,Sueli Lopes,4.0,4.0,Positivo,Perdi totalmente o medo de dirigir graças à escola. Recomendo muito!
92c77bf0,2025-10-08,55,Falta de prática (anos sem dirigir),Controle de embreagem (Subidas),10,Maria Eduarda,4.0,,Positivo,Excelente didática. Agora consigo estacionar e andar no trânsito sem ansiedade.
c46ad306,2025-11-02,27,Falta de prática (anos sem dirigir),Estacionar (Baliza/Vaga de shopping),5,Fatima Reis,3.0,4.0,Negativo,
316bb527,2025-11-03,53,Ansiedade geral / Pânico,Estacionar (Baliza/Vaga de shopping),8,Fatima Reis,2.0,4.0,Negativo,Senti que fui enrolada. Fiz 10 aulas e aprendi menos do que em 2 com uma amiga.
9fa78de5,2024-04-14,52,Ansiedade geral / Pânico,Dirigir à noite / Chuva,19,Sueli Lopes,4.0,4.0,Positivo,A instrutora Sueli Lopes foi incrível! Super paciente e me devolveu a confiança.
eeb84677,2024-09-09,46,Trânsito intenso / Agressividade,Manobras em geral (Ré),16,Maria Eduarda,,4.0,,O método de ensino é progressivo e respeita o limite da aluna.
f817a160,2025-01-09,24,Trauma (acidente anterior),Controle de embreagem (Subidas),16,Fatima Reis,5.0,5.0,Positivo,Ela entendeu exatamente meu medo (ladeiras) e focou nisso até eu me sentir segura.
de91a1bd,2025-05-10,39,Trauma (acidente anterior),Trânsito intenso (Mudar de faixa),16,Sueli Lopes,4.0,4.0,Positivo,Aprendi a dirigir em rodovia e hoje viajo sozinha. Gratidão à Sueli Lopes.
d7556aa0,2023-05-06,43,Medo de errar e ser julgada,Dirigir em rodovias,6,Fatima Reis,2.0,3.0,Negativo,"Paguei por 60 minutos, mas a aula com a Fatima Reis terminou 10 minutos antes."
652867f8,2023-09-17,33,Insegurança em rodovias/velocidade,Dirigir à noite / Chuva,14,Aline dos Santos,,4.0,,A instrutora Aline dos Santos me deu dicas que vou levar para a vida.
4b2f4fd1,2025-08-22,23,Trânsito intenso / Agressividade,Estacionar (Baliza/Vaga de shopping),10,Aline dos Santos,3.0,2.0,Negativo,"Ela não me ensinou a estacionar direito, só ficamos andando pelo bairro."
cc9d4cff,2025-03-22,22,Trânsito intenso / Agressividade,Controle de embreagem (Subidas),6,Fatima Reis,3.0,4.0,Negativo,"A Fatima Reis é boa, mas a escola é desorganizada para marcar as aulas."
4a9aa70f,2023-02-21,45,Insegurança em rodovias/velocidade,Dirigir em rodovias,8,Maria Eduarda,5.0,4.0,Positivo,Fiz a aula no meu próprio carro e foi ótimo para eu pegar confiança nele.
ac2a6c08,2025-01-27,22,Ansiedade geral / Pânico,Trânsito intenso (Mudar de faixa),18,Sueli Lopes,4.0,5.0,Positivo,"Em apenas 5 aulas com a Sueli Lopes, minha evolução foi gigantesca."
32303b05,2024-08-03,39,Trauma (acidente anterior),Trânsito intenso (Mudar de faixa),11,Maria Eduarda,,5.0,,"A Maria Eduarda não gritou, não foi irônica. Foi 100% apoio."
756f8d86,2025-02-11,39,Medo de errar e ser julgada,Trânsito intenso (Mudar de faixa),13,Aline dos Santos,5.0,4.0,Positivo,Fiz a aula no meu próprio carro e foi ótimo para eu pegar confiança nele.
c524b1fc,2024-09-17,35,Insegurança em rodovias/velocidade,Dirigir à noite / Chuva,20,Aline dos Santos,5.0,4.0,Positivo,"Achei que nunca mais ia dirigir, mas o método da Aline dos Santos funciona. Estou feliz!"
718630e1,2024-08-14,44,Falta de prática (anos sem dirigir),Estacionar (Baliza/Vaga de shopping),17,Sueli Lopes,5.0,4.0,Positivo,Fiz a aula no meu próprio carro e foi ótimo para eu pegar confiança nele.
5ace74d1,2025-10-11,24,Trânsito intenso / Agressividade,Controle de embreagem (Subidas),10,Fatima Reis,3.0,2.0,Negativo,"A didática da Fatima Reis era confusa, ela falava muito rápido."
fb8e2a1d,2024-12-15,50,Falta de prática (anos sem dirigir),Estacionar (Baliza/Vaga de shopping),17,Fatima Reis,5.0,4.0,Positivo,"O atendimento da escola foi ótimo, e as aulas com a Fatima Reis foram perfeitas."
5cd1125c,2024-04-11,36,Falta de prática (anos sem dirigir),Trânsito intenso (Mudar de faixa),20,Maria Eduarda,4.0,5.0,Positivo,Ela entendeu exatamente meu medo (ladeiras) e focou nisso até eu me sentir segura.
88f98e7d,2025-01-04,54,Ansiedade geral / Pânico,Estacionar (Baliza/Vaga de shopping),12,Sueli Lopes,5.0,5.0,Positivo,Ela entendeu exatamente meu medo (ladeiras) e focou nisso até eu me sentir segura.
ce330065,2024-06-20,46,Trauma (acidente anterior),Trânsito intenso (Mudar de faixa),9,Giovana Cordeiro,4.0,5.0,Positivo,Consegui vencer meu trauma. A Giovana Cordeiro foi fundamental nesse processo.
be7ec2fd,2024-05-07,45,Falta de prática (anos sem dirigir),Dirigir em rodovias,13,Maria Eduarda,5.0,5.0,Positivo,"Desde a recepção até a instrutora, todos na escola são muito atenciosos."
70f9a747,2023-03-18,33,Falta de prática (anos sem dirigir),Trânsito intenso (Mudar de faixa),20,Maria Eduarda,5.0,5.0,Positivo,"A instrutora Maria Eduarda é calma, simpática e passa muita tranquilidade."
c89d496a,2023-07-20,26,Medo de errar e ser julgada,Trânsito intenso (Mudar de faixa),11,Sueli Lopes,4.0,5.0,Positivo,"A comunicação com a escola é fácil, respondem rápido no WhatsApp."
f36b4013,2025-08-11,22,Medo de ladeiras/subidas,Estacionar (Baliza/Vaga de shopping),11,Aline dos Santos,5.0,4.0,Positivo,
e35f50fa,2023-03-07,22,Trânsito intenso / Agressividade,Trânsito intenso (Mudar de faixa),13,Maria Eduarda,4.0,5.0,Positivo,
d3f8b7f4,2024-11-10,43,Medo de errar e ser julgada,Estacionar (Baliza/Vaga de shopping),8,Giovana Cordeiro,5.0,5.0,Positivo,"A comunicação com a escola é fácil, respondem rápido no WhatsApp."
18cbe3e4,2024-05-28,44,Trânsito intenso / Agressividade,Dirigir à noite / Chuva,17,Aline dos Santos,4.0,4.0,Positivo,"Valeu o investimento, hoje tenho minha independência."
e9fbbaf9,2024-07-06,39,Insegurança em rodovias/velocidade,Manobras em geral (Ré),8,Sueli Lopes,4.0,4.0,Positivo,Excelente didática. Agora consigo estacionar e andar no trânsito sem ansiedade.
37a35c34,2023-01-25,36,Trânsito intenso / Agressividade,Trânsito intenso (Mudar de faixa),3,Maria Eduarda,2.0,4.0,Negativo,O preço é muito alto pelo que oferece. A aula atrasou 15 minutos.
763646d3,2025-10-20,53,Insegurança em rodovias/velocidade,Dirigir em rodovias,10,Aline dos Santos,4.0,5.0,Positivo,Perdi totalmente o medo de dirigir graças à escola. Recomendo muito!
7bbad04d,2023-08-24,42,Medo de ladeiras/subidas,Dirigir em rodovias,16,Aline dos Santos,4.0,4.0,Positivo,
d23badfe,2025-01-22,41,Falta de prática (anos sem dirigir),Dirigir à noite / Chuva,19,Giovana Cordeiro,4.0,5.0,Positivo,Finalmente fiz minha rota para o trabalho. Obrigada Giovana Cordeiro por toda a paciência!
ed3b6a49,2024-03-24,29,Ansiedade geral / Pânico,Estacionar (Baliza/Vaga de shopping),11,Maria Eduarda,5.0,4.0,Positivo,"Aulas focadas no que eu realmente precisava, sem enrolação."
a6ffddfb,2023-12-08,55,Falta de prática (anos sem dirigir),Controle de embreagem (Subidas),15,Aline dos Santos,4.0,5.0,Positivo,A instrutora Aline dos Santos foi incrível! Super paciente e me devolveu a confiança.
7f0af3c2,2024-06-30,37,Medo de errar e ser julgada,Dirigir em rodovias,15,Aline dos Santos,4.0,5.0,Positivo,A instrutora Aline dos Santos me deu dicas que vou levar para a vida.
22465bff,2025-04-23,49,Medo de errar e ser julgada,Dirigir em rodovias,8,Fatima Reis,2.0,2.0,Negativo,Tentei reagendar e o atendimento da escola foi muito inflexível.
e969ab46,2023-07-01,24,Trânsito intenso / Agressividade,Dirigir à noite / Chuva,14,Aline dos Santos,5.0,4.0,Positivo,"Desde a recepção até a instrutora, todos na escola são muito atenciosos."
9f14f11e,2024-06-29,39,Insegurança em rodovias/velocidade,Trânsito intenso (Mudar de faixa),12,Maria Eduarda,5.0,4.0,Positivo,A instrutora Maria Eduarda me deu dicas que vou levar para a vida.
9e88ef5c,2025-03-12,39,Falta de prática (anos sem dirigir),Manobras em geral (Ré),14,Aline dos Santos,5.0,5.0,Positivo,Finalmente fiz minha rota para o trabalho. Obrigada Aline dos Santos por toda a paciência!
3592b1d3,2025-10-27,23,Trânsito intenso / Agressividade,Dirigir à noite / Chuva,13,Maria Eduarda,4.0,4.0,Positivo,Finalmente fiz minha rota para o trabalho. Obrigada Maria Eduarda por toda a paciência!
5f7ea4ae,2023-04-29,36,Ansiedade geral / Pânico,Controle de embreagem (Subidas),10,Fatima Reis,2.0,4.0,Negativo,"A Fatima Reis ficava freando o carro por mim, não me deixou aprender."
309092f5,2024-10-14,52,Medo de errar e ser julgada,Controle de embreagem (Subidas),15,Giovana Cordeiro,4.0,5.0,Positivo,Ela foi muito profissional ao lidar com minha crise de ansiedade na primeira aula.
866d101d,2023-12-07,50,Ansiedade geral / Pânico,Dirigir à noite / Chuva,19,Aline dos Santos,5.0,4.0,Positivo,O método de ensino é progressivo e respeita o limite da aluna.
06220dfc,2023-06-25,54,Trauma (acidente anterior),Dirigir à noite / Chuva,4,Fatima Reis,3.0,4.0,Negativo,A Fatima Reis falava muito da vida pessoal dela e pouco sobre direção.
be773a6b,2023-08-19,46,Medo de errar e ser julgada,Estacionar (Baliza/Vaga de shopping),14,Giovana Cordeiro,,4.0,,"Valeu o investimento, hoje tenho minha independência."
547fdc0f,2024-03-17,51,Ansiedade geral / Pânico,Controle de embreagem (Subidas),14,Maria Eduarda,4.0,5.0,Positivo,"Muito profissional, pontual e paciente. Valeu cada centavo."
68d82631,2023-12-17,28,Insegurança em rodovias/velocidade,Dirigir à noite / Chuva,15,Aline dos Santos,4.0,5.0,Positivo,"Valeu o investimento, hoje tenho minha independência."
de8f99b7,2024-07-03,40,Medo de ladeiras/subidas,Dirigir à noite / Chuva,8,Fatima Reis,1.0,4.0,Negativo,"A instrutora Fatima Reis criticou como eu segurava o volante o tempo todo, de forma grosseira."
450321df,2024-03-03,26,Trauma (acidente anterior),Dirigir à noite / Chuva,17,Giovana Cordeiro,5.0,5.0,Positivo,A instrutora Giovana Cordeiro me deu dicas que vou levar para a vida.
4d3076f3,2024-11-12,44,Ansiedade geral / Pânico,Controle de embreagem (Subidas),16,Sueli Lopes,,5.0,,"Muito profissional, pontual e paciente. Valeu cada centavo."
1139f857,2025-08-05,35,Trânsito intenso / Agressividade,Dirigir à noite / Chuva,15,Giovana Cordeiro,5.0,4.0,Positivo,A Giovana Cordeiro me ensinou 'macetes' de estacionamento que nenhuma autoescola ensina.
5cb74170,2023-05-13,30,Falta de prática (anos sem dirigir),Trânsito intenso (Mudar de faixa),16,Maria Eduarda,5.0,4.0,Positivo,Aprendi a dirigir em rodovia e hoje viajo sozinha. Gratidão à Maria Eduarda.
24dc6556,2023-10-28,35,Medo de errar e ser julgada,Dirigir em rodovias,11,Sueli Lopes,4.0,4.0,Positivo,O método de ensino é progressivo e respeita o limite da aluna.
1ddfd94d,2023-10-31,40,Trauma (acidente anterior),Trânsito intenso (Mudar de faixa),9,Fatima Reis,2.0,3.0,Negativo,"A instrutora Fatima Reis criticou como eu segurava o volante o tempo todo, de forma grosseira."
36a3713f,2025-05-09,44,Trânsito intenso / Agressividade,Dirigir à noite / Chuva,7,Aline dos Santos,3.0,4.0,Negativo,
15ddbe63,2023-03-15,30,Medo de ladeiras/subidas,Manobras em geral (Ré),5,Fatima Reis,1.0,3.0,Negativo,O carro fedia a cigarro.
9087da78,2023-10-11,41,Ansiedade geral / Pânico,Estacionar (Baliza/Vaga de shopping),7,Fatima Reis,,4.0,,Instrutora Fatima Reis chegou atrasada e não pareceu se importar.
4a618919,2025-08-28,24,Medo de errar e ser julgada,Controle de embreagem (Subidas),12,Sueli Lopes,4.0,4.0,Positivo,Agora sim me sinto habilitada de verdade! Obrigada Sueli Lopes!
f596e721,2025-11-05,49,Trauma (acidente anterior),Dirigir em rodovias,8,Giovana Cordeiro,5.0,4.0,Positivo,A Giovana Cordeiro me ensinou 'macetes' de estacionamento que nenhuma autoescola ensina.
fd35b955,2025-07-09,26,Ansiedade geral / Pânico,Estacionar (Baliza/Vaga de shopping),13,Sueli Lopes,4.0,4.0,Positivo,"Valeu o investimento, hoje tenho minha independência."
fee58076,2024-11-25,24,Insegurança em rodovias/velocidade,Manobras em geral (Ré),12,Giovana Cordeiro,5.0,4.0,Positivo,"Valeu o investimento, hoje tenho minha independência."
083cfe78,2025-11-07,37,Medo de ladeiras/subidas,Estacionar (Baliza/Vaga de shopping),13,Giovana Cordeiro,4.0,5.0,Positivo,
7eab3c16,2023-02-14,39,Ansiedade geral / Pânico,Manobras em geral (Ré),14,Maria Eduarda,4.0,5.0,Positivo,A instrutora Maria Eduarda foi incrível! Super paciente e me devolveu a confiança.
535c0d45,2023-04-25,30,Falta de prática (anos sem dirigir),Trânsito intenso (Mudar de faixa),6,Fatima Reis,1.0,2.0,Negativo,Tentei reagendar e o atendimento da escola foi muito inflexível.
2fafd72d,2023-03-22,24,Ansiedade geral / Pânico,Manobras em geral (Ré),6,Sueli Lopes,2.0,3.0,Negativo,Não senti segurança no método da Sueli Lopes. Muito fraco.
47471f67,2024-01-12,45,Insegurança em rodovias/velocidade,Manobras em geral (Ré),12,Aline dos Santos,5.0,4.0,Positivo,A flexibilidade de horários da escola me ajudou muito.
7ebc89b3,2023-11-01,36,Medo de errar e ser julgada,Controle de embreagem (Subidas),10,Sueli Lopes,4.0,4.0,Positivo,A instrutora Sueli Lopes me deu dicas que vou levar para a vida.
dc582a0d,2024-11-02,41,Insegurança em rodovias/velocidade,Manobras em geral (Ré),20,Giovana Cordeiro,4.0,,Positivo,"Em apenas 5 aulas com a Giovana Cordeiro, minha evolução foi gigantesca."
f5dadb64,2025-06-29,37,Trânsito intenso / Agressividade,Dirigir em rodovias,5,Giovana Cordeiro,3.0,4.0,Negativo,
fe94fcd0,2023-03-31,30,Trânsito intenso / Agressividade,Manobras em geral (Ré),15,Maria Eduarda,4.0,4.0,Positivo,Recomendo a Maria Eduarda para qualquer pessoa que tenha pânico de dirigir.
6cc4c36b,2025-08-18,41,Insegurança em rodovias/velocidade,Manobras em geral (Ré),10,Fatima Reis,3.0,4.0,Negativo,"A didática da Fatima Reis era confusa, ela falava muito rápido."
73f02842,2023-05-24,40,Medo de ladeiras/subidas,Manobras em geral (Ré),13,Maria Eduarda,5.0,4.0,Positivo,"Valeu o investimento, hoje tenho minha independência."
9dd57a0c,2023-03-25,45,Medo de errar e ser julgada,Controle de embreagem (Subidas),18,Aline dos Santos,4.0,5.0,Positivo,A instrutora Aline dos Santos foi incrível! Super paciente e me devolveu a confiança.
8c49d401,2024-04-15,30,Medo de ladeiras/subidas,Estacionar (Baliza/Vaga de shopping),14,Maria Eduarda,4.0,4.0,Positivo,Aprendi a dirigir em rodovia e hoje viajo sozinha. Gratidão à Maria Eduarda.
e6187ae9,2024-07-11,54,Medo de errar e ser julgada,Dirigir em rodovias,17,Maria Eduarda,5.0,,Positivo,
b0f3b245,2023-02-06,52,Trauma (acidente anterior),Dirigir em rodovias,3,Fatima Reis,2.0,4.0,Negativo,"Ela não teve paciência com meu trauma, só queria que eu acelerasse."
5d60b72d,2023-04-21,44,Trauma (acidente anterior),Dirigir à noite / Chuva,15,Giovana Cordeiro,5.0,5.0,Positivo,A flexibilidade de horários da escola me ajudou muito.
a684134c,2025-01-23,28,Medo de errar e ser julgada,Estacionar (Baliza/Vaga de shopping),7,Fatima Reis,3.0,3.0,Negativo,A escola nunca atende o telefone. Difícil conseguir contato.
f939573a,2024-11-16,26,Medo de ladeiras/subidas,Dirigir em rodovias,8,Sueli Lopes,4.0,4.0,Positivo,
f67ad29b,2025-02-06,26,Medo de ladeiras/subidas,Estacionar (Baliza/Vaga de shopping),8,Aline dos Santos,4.0,4.0,Positivo,"O atendimento da escola foi ótimo, e as aulas com a Aline dos Santos foram perfeitas."
85a36ea4,2023-03-14,27,Insegurança em rodovias/velocidade,Dirigir à noite / Chuva,10,Giovana Cordeiro,5.0,5.0,Positivo,Excelente didática. Agora consigo estacionar e andar no trânsito sem ansiedade.
4c2b331f,2025-09-02,48,Falta de prática (anos sem dirigir),Dirigir em rodovias,19,Aline dos Santos,4.0,4.0,Positivo,
4e3ab51b,2023-04-08,32,Medo de errar e ser julgada,Dirigir em rodovias,13,Sueli Lopes,4.0,5.0,Positivo,Fiz a aula no meu próprio carro e foi ótimo para eu pegar confiança nele.
7cdfa8f9,2024-06-06,24,Medo de errar e ser julgada,Dirigir em rodovias,8,Aline dos Santos,5.0,5.0,Positivo,A flexibilidade de horários da escola me ajudou muito.
24128be2,2024-07-14,39,Medo de errar e ser julgada,Manobras em geral (Ré),9,Fatima Reis,,5.0,,Ela entendeu exatamente meu medo (ladeiras) e focou nisso até eu me sentir segura.
f43bf4ca,2025-02-21,38,Falta de prática (anos sem dirigir),Dirigir à noite / Chuva,14,Aline dos Santos,4.0,4.0,Positivo,Aprendi a dirigir em rodovia e hoje viajo sozinha. Gratidão à Aline dos Santos.
226a25c6,2024-05-29,27,Trânsito intenso / Agressividade,Estacionar (Baliza/Vaga de shopping),19,Giovana Cordeiro,5.0,5.0,Positivo,"A instrutora Giovana Cordeiro é calma, simpática e passa muita tranquilidade."
f949557f,2023-03-14,37,Falta de prática (anos sem dirigir),Estacionar (Baliza/Vaga de shopping),16,Sueli Lopes,5.0,4.0,Positivo,Finalmente fiz minha rota para o trabalho. Obrigada Sueli Lopes por toda a paciência!
2bbdde49,2024-09-06,48,Ansiedade geral / Pânico,Controle de embreagem (Subidas),18,Sueli Lopes,4.0,4.0,Positivo,"A comunicação com a escola é fácil, respondem rápido no WhatsApp."
fefa05a8,2025-07-14,31,Falta de prática (anos sem dirigir),Dirigir em rodovias,9,Fatima Reis,3.0,4.0,Negativo,"Ela não teve paciência com meu trauma, só queria que eu acelerasse."
0341058f,2023-09-18,31,Insegurança em rodovias/velocidade,Controle de embreagem (Subidas),5,Fatima Reis,2.0,4.0,Negativo,O carro fedia a cigarro.
6102333b,2023-07-07,46,Falta de prática (anos sem dirigir),Trânsito intenso (Mudar de faixa),19,Giovana Cordeiro,,4.0,,"Didática excelente da Giovana Cordeiro, me senti segura desde a primeira aula."
c79e0b1a,2025-01-08,50,Medo de errar e ser julgada,Manobras em geral (Ré),18,Aline dos Santos,5.0,4.0,Positivo,A instrutora Aline dos Santos me deu dicas que vou levar para a vida.
bd780cd0,2023-06-07,37,Trauma (acidente anterior),Dirigir em rodovias,20,Fatima Reis,4.0,4.0,Positivo,"Aulas focadas no que eu realmente precisava, sem enrolação."
ce567d4b,2023-04-29,22,Insegurança em rodovias/velocidade,Dirigir em rodovias,17,Maria Eduarda,5.0,5.0,Positivo,Ela me ensinou a dirigir na chuva e à noite. Estou pronta!
21f6e10a,2023-04-09,41,Trauma (acidente anterior),Manobras em geral (Ré),15,Giovana Cordeiro,5.0,5.0,Positivo,
1d36b541,2023-04-11,24,Trânsito intenso / Agressividade,Estacionar (Baliza/Vaga de shopping),16,Maria Eduarda,5.0,5.0,Positivo,
c518444a,2023-07-01,53,Medo de ladeiras/subidas,Controle de embreagem (Subidas),9,Sueli Lopes,4.0,4.0,Positivo,"O carro da aula era novo, limpo e muito fácil de dirigir."
2ec1b47e,2025-09-01,23,Trauma (acidente anterior),Trânsito intenso (Mudar de faixa),9,Aline dos Santos,5.0,4.0,Positivo,Finalmente fiz minha rota para o trabalho. Obrigada Aline dos Santos por toda a paciência!
b272d77e,2025-06-30,36,Ansiedade geral / Pânico,Estacionar (Baliza/Vaga de shopping),18,Aline dos Santos,5.0,5.0,Positivo,
6c766c04,2024-01-30,46,Falta de prática (anos sem dirigir),Dirigir à noite / Chuva,15,Giovana Cordeiro,4.0,,Positivo,Ela entendeu exatamente meu medo (ladeiras) e focou nisso até eu me sentir segura.
ac186a17,2024-03-26,39,Falta de prática (anos sem dirigir),Trânsito intenso (Mudar de faixa),10,Fatima Reis,1.0,3.0,Negativo,O carro fedia a cigarro.
8d35db4e,2023-07-07,43,Medo de ladeiras/subidas,Controle de embreagem (Subidas),9,Maria Eduarda,4.0,4.0,Positivo,A instrutora Maria Eduarda tem uma energia ótima e tornou as aulas leves e divertidas.
62310264,2024-08-25,24,Insegurança em rodovias/velocidade,Manobras em geral (Ré),19,Maria Eduarda,4.0,4.0,Positivo,Ela foi muito profissional ao lidar com minha crise de ansiedade na primeira aula.
2969b38e,2025-07-02,26,Trânsito intenso / Agressividade,Dirigir à noite / Chuva,16,Giovana Cordeiro,4.0,4.0,Positivo,"A Giovana Cordeiro não gritou, não foi irônica. Foi 100% apoio."
7240c405,2023-12-17,52,Medo de errar e ser julgada,Dirigir em rodovias,8,Aline dos Santos,5.0,,Positivo,Excelente didática. Agora consigo estacionar e andar no trânsito sem ansiedade.
dad97103,2024-12-30,29,Trauma (acidente anterior),Manobras em geral (Ré),14,Sueli Lopes,4.0,4.0,Positivo,A Sueli Lopes me ensinou 'macetes' de estacionamento que nenhuma autoescola ensina.
ceed50a4,2024-06-07,35,Falta de prática (anos sem dirigir),Estacionar (Baliza/Vaga de shopping),9,Giovana Cordeiro,4.0,5.0,Positivo,Recomendo a Giovana Cordeiro para qualquer pessoa que tenha pânico de dirigir.
de4c1c9a,2023-09-22,34,Ansiedade geral / Pânico,Manobras em geral (Ré),18,Sueli Lopes,5.0,4.0,Positivo,"Aulas focadas no que eu realmente precisava, sem enrolação."
e949d47c,2024-07-01,46,Trânsito intenso / Agressividade,Controle de embreagem (Subidas),12,Aline dos Santos,5.0,4.0,Positivo,O método de ensino é progressivo e respeita o limite da aluna.
d110839f,2025-09-29,52,Ansiedade geral / Pânico,Trânsito intenso (Mudar de faixa),4,Fatima Reis,2.0,2.0,Negativo,O carro falhou duas vezes na subida. Fiquei mais nervosa do que já estava.
eb7c2bbe,2025-04-20,46,Trauma (acidente anterior),Dirigir à noite / Chuva,9,Maria Eduarda,5.0,5.0,Positivo,
7ada01a6,2023-12-21,22,Trauma (acidente anterior),Controle de embreagem (Subidas),10,Sueli Lopes,3.0,4.0,Negativo,
b0e2bcbf,2023-04-29,23,Insegurança em rodovias/velocidade,Trânsito intenso (Mudar de faixa),8,Aline dos Santos,4.0,5.0,Positivo,Fiz a aula no meu próprio carro e foi ótimo para eu pegar confiança nele.
6506dbe0,2025-05-27,41,Medo de errar e ser julgada,Controle de embreagem (Subidas),8,Maria Eduarda,4.0,5.0,Positivo,A instrutora Maria Eduarda me deu dicas que vou levar para a vida.
c4ee79b1,2023-09-08,46,Medo de ladeiras/subidas,Dirigir à noite / Chuva,10,Maria Eduarda,4.0,4.0,Positivo,Recomendo a Maria Eduarda para qualquer pessoa que tenha pânico de dirigir.
47ced9d0,2024-03-20,55,Ansiedade geral / Pânico,Manobras em geral (Ré),12,Aline dos Santos,4.0,,Positivo,Excelente didática. Agora consigo estacionar e andar no trânsito sem ansiedade.
5f5d42b5,2023-10-14,39,Falta de prática (anos sem dirigir),Dirigir em rodovias,8,Aline dos Santos,,4.0,,
50c0abf2,2023-09-18,39,Trânsito intenso / Agressividade,Estacionar (Baliza/Vaga de shopping),9,Giovana Cordeiro,5.0,,Positivo,
da4bd2e5,2024-03-26,43,Trauma (acidente anterior),Dirigir à noite / Chuva,10,Fatima Reis,2.0,,Negativo,"A didática da Fatima Reis era confusa, ela falava muito rápido."
c6627d48,2024-07-23,46,Ansiedade geral / Pânico,Controle de embreagem (Subidas),11,Maria Eduarda,5.0,5.0,Positivo,Consegui vencer meu trauma. A Maria Eduarda foi fundamental nesse processo.
983057b0,2023-04-04,38,Ansiedade geral / Pânico,Dirigir à noite / Chuva,19,Giovana Cordeiro,5.0,5.0,Positivo,"O atendimento da escola foi ótimo, e as aulas com a Giovana Cordeiro foram perfeitas."
d901fcd5,2025-10-25,51,Medo de errar e ser julgada,Manobras em geral (Ré),14,Sueli Lopes,5.0,5.0,Positivo,
dce772b7,2025-04-02,29,Insegurança em rodovias/velocidade,Controle de embreagem (Subidas),9,Giovana Cordeiro,3.0,,Negativo,"A instrutora Giovana Cordeiro criticou como eu segurava o volante o tempo todo, de forma grosseira."
9263ac27,2025-03-09,37,Ansiedade geral / Pânico,Dirigir em rodovias,8,Aline dos Santos,5.0,5.0,Positivo,A Aline dos Santos me ensinou 'macetes' de estacionamento que nenhuma autoescola ensina.
8fc37aee,2024-12-02,41,Medo de errar e ser julgada,Dirigir à noite / Chuva,8,Aline dos Santos,5.0,5.0,Positivo,Fiz a aula no meu próprio carro e foi ótimo para eu pegar confiança nele.
23d23df5,2023-09-24,48,Trauma (acidente anterior),Dirigir em rodovias,10,Sueli Lopes,5.0,5.0,Positivo,Consegui vencer meu trauma. A Sueli Lopes foi fundamental nesse processo.
e1269292,2025-02-15,37,Trânsito intenso / Agressividade,Dirigir em rodovias,9,Giovana Cordeiro,5.0,4.0,Positivo,A flexibilidade de horários da escola me ajudou muito.
39b931e0,2023-11-02,23,Ansiedade geral / Pânico,Dirigir à noite / Chuva,10,Fatima Reis,2.0,,Negativo,Não senti segurança no método da Fatima Reis. Muito fraco.
46dd6bc1,2024-07-30,55,Ansiedade geral / Pânico,Dirigir à noite / Chuva,3,Fatima Reis,2.0,,Negativo,Não gostei da abordagem. Parecia que ela estava com pressa para terminar a aula.
9f03b676,2024-03-08,44,Ansiedade geral / Pânico,Trânsito intenso (Mudar de faixa),8,Maria Eduarda,4.0,4.0,Positivo,Ela me ensinou a dirigir na chuva e à noite. Estou pronta!
81ac57b8,2025-04-01,30,Falta de prática (anos sem dirigir),Controle de embreagem (Subidas),14,Sueli Lopes,4.0,4.0,Positivo,Perdi totalmente o medo de dirigir graças à escola. Recomendo muito!
b29a8f5b,2025-07-29,24,Ansiedade geral / Pânico,Trânsito intenso (Mudar de faixa),20,Maria Eduarda,5.0,4.0,Positivo,"A instrutora Maria Eduarda é calma, simpática e passa muita tranquilidade."
bbd8c855,2024-12-16,53,Falta de prática (anos sem dirigir),Controle de embreagem (Subidas),17,Sueli Lopes,5.0,5.0,Positivo,O método de ensino é progressivo e respeita o limite da aluna.
8042c0ee,2024-01-08,37,Medo de errar e ser julgada,Dirigir à noite / Chuva,15,Giovana Cordeiro,,,,"Didática excelente da Giovana Cordeiro, me senti segura desde a primeira aula."
a247c335,2025-01-21,42,Medo de ladeiras/subidas,Manobras em geral (Ré),13,Giovana Cordeiro,5.0,4.0,Positivo,Ela me ensinou a dirigir na chuva e à noite. Estou pronta!
33e38b22,2024-06-22,39,Ansiedade geral / Pânico,Manobras em geral (Ré),17,Sueli Lopes,5.0,5.0,Positivo,"A instrutora Sueli Lopes é calma, simpática e passa muita tranquilidade."
2d194c32,2024-01-06,43,Medo de errar e ser julgada,Estacionar (Baliza/Vaga de shopping),11,Maria Eduarda,5.0,4.0,Positivo,"A instrutora Maria Eduarda é calma, simpática e passa muita tranquilidade."
a579cdd5,2024-11-01,50,Trânsito intenso / Agressividade,Trânsito intenso (Mudar de faixa),8,Fatima Reis,5.0,4.0,Positivo,"O carro da aula era novo, limpo e muito fácil de dirigir."
f4cbd203,2024-09-08,49,Medo de errar e ser julgada,Estacionar (Baliza/Vaga de shopping),4,Giovana Cordeiro,3.0,4.0,Negativo,"A instrutora Giovana Cordeiro criticou como eu segurava o volante o tempo todo, de forma grosseira."
94ba6903,2023-09-01,45,Falta de prática (anos sem dirigir),Trânsito intenso (Mudar de faixa),19,Giovana Cordeiro,4.0,5.0,Positivo,"Didática excelente da Giovana Cordeiro, me senti segura desde a primeira aula."
601beb25,2023-10-04,48,Falta de prática (anos sem dirigir),Estacionar (Baliza/Vaga de shopping),5,Fatima Reis,1.0,4.0,Negativo,"A Fatima Reis é boa, mas a escola é desorganizada para marcar as aulas."
05a8d7b3,2024-12-17,49,Ansiedade geral / Pânico,Controle de embreagem (Subidas),17,Sueli Lopes,5.0,4.0,Positivo,Excelente didática. Agora consigo estacionar e andar no trânsito sem ansiedade.
43e4d6be,2025-03-18,34,Medo de errar e ser julgada,Trânsito intenso (Mudar de faixa),18,Aline dos Santos,4.0,5.0,Positivo,A instrutora Aline dos Santos tem uma energia ótima e tornou as aulas leves e divertidas.
089aa6c8,2023-10-18,41,Trauma (acidente anterior),Controle de embreagem (Subidas),11,Sueli Lopes,,4.0,,"Valeu o investimento, hoje tenho minha independência."
17693ce8,2023-05-21,24,Falta de prática (anos sem dirigir),Estacionar (Baliza/Vaga de shopping),16,Sueli Lopes,5.0,5.0,Positivo,A instrutora Sueli Lopes foi incrível! Super paciente e me devolveu a confiança.
0ce265da,2023-07-08,51,Trauma (acidente anterior),Estacionar (Baliza/Vaga de shopping),9,Fatima Reis,3.0,3.0,Negativo,O preço é muito alto pelo que oferece. A aula atrasou 15 minutos.
5aad057d,2024-04-01,37,Medo de ladeiras/subidas,Estacionar (Baliza/Vaga de shopping),16,Aline dos Santos,4.0,4.0,Positivo,"A Aline dos Santos não gritou, não foi irônica. Foi 100% apoio."
db3d52fe,2025-10-24,36,Medo de errar e ser julgada,Trânsito intenso (Mudar de faixa),15,Sueli Lopes,4.0,,Positivo,Ela me ensinou a dirigir na chuva e à noite. Estou pronta!
217f989f,2025-07-07,47,Trauma (acidente anterior),Estacionar (Baliza/Vaga de shopping),7,Fatima Reis,2.0,2.0,Negativo,O preço é muito alto pelo que oferece. A aula atrasou 15 minutos.
e9d32be6,2023-09-14,29,Trauma (acidente anterior),Controle de embreagem (Subidas),10,Maria Eduarda,5.0,4.0,Positivo,Ela foi muito profissional ao lidar com minha crise de ansiedade na primeira aula.
323cff64,2023-06-11,35,Ansiedade geral / Pânico,Manobras em geral (Ré),20,Aline dos Santos,,5.0,,Finalmente fiz minha rota para o trabalho. Obrigada Aline dos Santos por toda a paciência!
ba7302d7,2025-04-14,27,Trânsito intenso / Agressividade,Estacionar (Baliza/Vaga de shopping),13,Sueli Lopes,5.0,5.0,Positivo,"Aulas focadas no que eu realmente precisava, sem enrolação."
ad3fadbc,2025-06-28,30,Falta de prática (anos sem dirigir),Trânsito intenso (Mudar de faixa),19,Aline dos Santos,4.0,4.0,Positivo,
e4d30ba4,2023-11-27,32,Trauma (acidente anterior),Dirigir em rodovias,10,Aline dos Santos,,5.0,,
ae6b326f,2025-03-27,47,Trauma (acidente anterior),Estacionar (Baliza/Vaga de shopping),14,Maria Eduarda,5.0,5.0,Positivo,
b5942345,2025-01-05,55,Medo de ladeiras/subidas,Manobras em geral (Ré),13,Sueli Lopes,,4.0,,
e1625d63,2025-06-26,42,Trauma (acidente anterior),Dirigir em rodovias,15,Fatima Reis,4.0,5.0,Positivo,A flexibilidade de horários da escola me ajudou muito.
40612514,2024-04-25,40,Falta de prática (anos sem dirigir),Manobras em geral (Ré),5,Maria Eduarda,2.0,2.0,Negativo,
db800c16,2024-05-13,45,Trânsito intenso / Agressividade,Controle de embreagem (Subidas),20,Aline dos Santos,5.0,,Positivo,"Aulas focadas no que eu realmente precisava, sem enrolação."
ffd6ddcd,2024-02-03,29,Trânsito intenso / Agressividade,Dirigir à noite / Chuva,11,Sueli Lopes,4.0,4.0,Positivo,"A comunicação com a escola é fácil, respondem rápido no WhatsApp."
cd6a72d7,2023-06-30,23,Medo de errar e ser julgada,Controle de embreagem (Subidas),6,Fatima Reis,1.0,,Negativo,"A instrutora Fatima Reis criticou como eu segurava o volante o tempo todo, de forma grosseira."
1007dd3d,2023-05-02,55,Falta de prática (anos sem dirigir),Dirigir à noite / Chuva,20,Maria Eduarda,5.0,4.0,Positivo,Agora sim me sinto habilitada de verdade! Obrigada Maria Eduarda!
de9fae1e,2024-01-13,46,Trauma (acidente anterior),Dirigir à noite / Chuva,20,Aline dos Santos,4.0,5.0,Positivo,"A Aline dos Santos não gritou, não foi irônica. Foi 100% apoio."
e1bc2165,2025-09-28,26,Falta de prática (anos sem dirigir),Trânsito intenso (Mudar de faixa),12,Sueli Lopes,4.0,4.0,Positivo,Agora sim me sinto habilitada de verdade! Obrigada Sueli Lopes!
d6680c9d,2023-11-24,55,Ansiedade geral / Pânico,Controle de embreagem (Subidas),11,Giovana Cordeiro,,5.0,,"Achei que nunca mais ia dirigir, mas o método da Giovana Cordeiro funciona. Estou feliz!"
7183e121,2024-01-06,43,Trauma (acidente anterior),Estacionar (Baliza/Vaga de shopping),11,Giovana Cordeiro,4.0,4.0,Positivo,"A Giovana Cordeiro não gritou, não foi irônica. Foi 100% apoio."
4ba224f2,2025-07-25,47,Medo de ladeiras/subidas,Dirigir em rodovias,10,Maria Eduarda,4.0,4.0,Positivo,A instrutora Maria Eduarda me deu dicas que vou levar para a vida.
628cf3e9,2025-07-09,24,Medo de errar e ser julgada,Estacionar (Baliza/Vaga de shopping),20,Aline dos Santos,4.0,5.0,Positivo,"Desde a recepção até a instrutora, todos na escola são muito atenciosos."
e3d65944,2025-08-07,25,Medo de ladeiras/subidas,Dirigir à noite / Chuva,19,Giovana Cordeiro,4.0,,Positivo,
82c98ce9,2024-03-13,55,Insegurança em rodovias/velocidade,Trânsito intenso (Mudar de faixa),19,Fatima Reis,4.0,5.0,Positivo,"Desde a recepção até a instrutora, todos na escola são muito atenciosos."
9aa9f444,2024-07-06,54,Ansiedade geral / Pânico,Manobras em geral (Ré),9,Sueli Lopes,5.0,5.0,Positivo,"Desde a recepção até a instrutora, todos na escola são muito atenciosos."
4b34bf43,2025-01-16,41,Medo de errar e ser julgada,Dirigir em rodovias,7,Sueli Lopes,3.0,3.0,Negativo,A Sueli Lopes falava muito da vida pessoal dela e pouco sobre direção.
091946e3,2023-04-09,44,Ansiedade geral / Pânico,Trânsito intenso (Mudar de faixa),13,Sueli Lopes,4.0,5.0,Positivo,"Valeu o investimento, hoje tenho minha independência."
51c259d5,2024-04-25,24,Falta de prática (anos sem dirigir),Controle de embreagem (Subidas),19,Maria Eduarda,,4.0,,"Muito profissional, pontual e paciente. Valeu cada centavo."
c6c161c7,2023-09-18,31,Trauma (acidente anterior),Dirigir em rodovias,7,Sueli Lopes,3.0,2.0,Negativo,"A didática da Sueli Lopes era confusa, ela falava muito rápido."
a4f15f15,2025-08-17,52,Medo de ladeiras/subidas,Trânsito intenso (Mudar de faixa),9,Fatima Reis,1.0,3.0,Negativo,"O ar-condicionado do carro estava quebrado, foi horrível dirigir no calor."
526aedaa,2025-03-03,47,Falta de prática (anos sem dirigir),Controle de embreagem (Subidas),8,Aline dos Santos,,5.0,,
87e986e4,2025-04-28,48,Insegurança em rodovias/velocidade,Dirigir à noite / Chuva,4,Fatima Reis,2.0,3.0,Negativo,O carro falhou duas vezes na subida. Fiquei mais nervosa do que já estava.
3f32f03e,2024-02-23,43,Ansiedade geral / Pânico,Controle de embreagem (Subidas),5,Fatima Reis,2.0,4.0,Negativo,A escola mudou meu horário em cima da hora várias vezes.
ad6f8cb6,2025-02-27,35,Insegurança em rodovias/velocidade,Manobras em geral (Ré),17,Sueli Lopes,4.0,4.0,Positivo,Agora sim me sinto habilitada de verdade! Obrigada Sueli Lopes!
8fb8a0ef,2025-07-14,31,Trauma (acidente anterior),Trânsito intenso (Mudar de faixa),20,Sueli Lopes,4.0,4.0,Positivo,"Didática excelente da Sueli Lopes, me senti segura desde a primeira aula."
fd502164,2025-06-30,40,Medo de errar e ser julgada,Dirigir à noite / Chuva,7,Fatima Reis,3.0,3.0,Negativo,Não senti segurança no método da Fatima Reis. Muito fraco.
ea83cbd2,2025-02-22,41,Medo de errar e ser julgada,Estacionar (Baliza/Vaga de shopping),11,Maria Eduarda,4.0,4.0,Positivo,"Desde a recepção até a instrutora, todos na escola são muito atenciosos."
3db59504,2025-05-19,41,Insegurança em rodovias/velocidade,Dirigir à noite / Chuva,14,Sueli Lopes,4.0,4.0,Positivo,"Aulas focadas no que eu realmente precisava, sem enrolação."
b172e112,2023-12-05,38,Falta de prática (anos sem dirigir),Dirigir em rodovias,13,Maria Eduarda,5.0,5.0,Positivo,"Desde a recepção até a instrutora, todos na escola são muito atenciosos."
1bf94d6d,2023-01-20,32,Trauma (acidente anterior),Controle de embreagem (Subidas),12,Aline dos Santos,4.0,5.0,Positivo,Excelente didática. Agora consigo estacionar e andar no trânsito sem ansiedade.
8f196d1e,2023-03-28,44,Falta de prática (anos sem dirigir),Controle de embreagem (Subidas),6,Aline dos Santos,,2.0,,Tentei reagendar e o atendimento da escola foi muito inflexível.
60c7db57,2024-06-28,27,Medo de ladeiras/subidas,Controle de embreagem (Subidas),20,Maria Eduarda,5.0,,Positivo,"O carro da aula era novo, limpo e muito fácil de dirigir."
6301bef0,2024-06-10,55,Trauma (acidente anterior),Trânsito intenso (Mudar de faixa),17,Aline dos Santos,5.0,5.0,Positivo,
abfd2ab7,2025-01-19,26,Medo de ladeiras/subidas,Trânsito intenso (Mudar de faixa),9,Sueli Lopes,5.0,5.0,Positivo,O método de ensino é progressivo e respeita o limite da aluna.
9c8bead4,2023-10-22,34,Medo de ladeiras/subidas,Controle de embreagem (Subidas),18,Sueli Lopes,4.0,5.0,Positivo,A instrutora Sueli Lopes tem uma energia ótima e tornou as aulas leves e divertidas.
2711f96f,2023-06-08,31,Medo de errar e ser julgada,Manobras em geral (Ré),3,Fatima Reis,,3.0,,O carro falhou duas vezes na subida. Fiquei mais nervosa do que já estava.
70d7f411,2025-09-29,32,Medo de ladeiras/subidas,Estacionar (Baliza/Vaga de shopping),5,Fatima Reis,2.0,3.0,Negativo,O carro que usei na aula era muito velho e a direção era dura.
0a0f4efa,2023-07-31,31,Ansiedade geral / Pânico,Controle de embreagem (Subidas),16,Aline dos Santos,4.0,4.0,Positivo,A instrutora Aline dos Santos foi incrível! Super paciente e me devolveu a confiança.
f890762c,2023-11-26,31,Ansiedade geral / Pânico,Dirigir em rodovias,13,Maria Eduarda,4.0,5.0,Positivo,Finalmente fiz minha rota para o trabalho. Obrigada Maria Eduarda por toda a paciência!
c2ee1405,2024-11-29,23,Medo de ladeiras/subidas,Dirigir à noite / Chuva,12,Maria Eduarda,4.0,4.0,Positivo,"O atendimento da escola foi ótimo, e as aulas com a Maria Eduarda foram perfeitas."
55b72b5e,2023-01-05,41,Falta de prática (anos sem dirigir),Dirigir à noite / Chuva,11,Sueli Lopes,4.0,4.0,Positivo,"Em apenas 5 aulas com a Sueli Lopes, minha evolução foi gigantesca."
9d9d10ce,2023-03-29,54,Insegurança em rodovias/velocidade,Dirigir à noite / Chuva,19,Giovana Cordeiro,4.0,4.0,Positivo,"Desde a recepção até a instrutora, todos na escola são muito atenciosos."
e2073630,2025-03-31,50,Trauma (acidente anterior),Controle de embreagem (Subidas),4,Fatima Reis,2.0,4.0,Negativo,"Não senti firmeza na Fatima Reis, ela parecia tão nervosa quanto eu."
0bf3349e,2024-03-05,30,Trânsito intenso / Agressividade,Estacionar (Baliza/Vaga de shopping),11,Giovana Cordeiro,4.0,5.0,Positivo,"Didática excelente da Giovana Cordeiro, me senti segura desde a primeira aula."
9d09cf84,2023-07-20,44,Medo de errar e ser julgada,Dirigir à noite / Chuva,10,Sueli Lopes,,4.0,,Recomendo a Sueli Lopes para qualquer pessoa que tenha pânico de dirigir.
624936cc,2023-12-25,24,Trânsito intenso / Agressividade,Trânsito intenso (Mudar de faixa),17,Sueli Lopes,5.0,5.0,Positivo,O carro com direção hidráulica e ar fez toda a diferença.
3e1329c2,2025-02-16,54,Insegurança em rodovias/velocidade,Trânsito intenso (Mudar de faixa),9,Giovana Cordeiro,5.0,5.0,Positivo,Perdi totalmente o medo de dirigir graças à escola. Recomendo muito!
ae799e7d,2023-05-12,51,Medo de errar e ser julgada,Manobras em geral (Ré),7,Fatima Reis,2.0,3.0,Negativo,
3af2f3bf,2024-04-05,25,Insegurança em rodovias/velocidade,Estacionar (Baliza/Vaga de shopping),18,Maria Eduarda,4.0,4.0,Positivo,"Valeu o investimento, hoje tenho minha independência."
cdd6425e,2023-02-02,53,Falta de prática (anos sem dirigir),Dirigir em rodovias,15,Sueli Lopes,,5.0,,
34f97113,2025-03-28,25,Trânsito intenso / Agressividade,Dirigir em rodovias,8,Aline dos Santos,3.0,2.0,Negativo,
ea2cf34d,2023-05-21,34,Medo de errar e ser julgada,Dirigir em rodovias,13,Aline dos Santos,5.0,4.0,Positivo,"Didática excelente da Aline dos Santos, me senti segura desde a primeira aula."
1103d441,2024-05-11,39,Trânsito intenso / Agressividade,Estacionar (Baliza/Vaga de shopping),20,Sueli Lopes,5.0,4.0,Positivo,Ela foi muito profissional ao lidar com minha crise de ansiedade na primeira aula.
03ab425e,2023-11-29,40,Trauma (acidente anterior),Estacionar (Baliza/Vaga de shopping),20,Giovana Cordeiro,4.0,4.0,Positivo,"A instrutora Giovana Cordeiro é calma, simpática e passa muita tranquilidade."
6ce350a4,2024-07-04,47,Trânsito intenso / Agressividade,Manobras em geral (Ré),3,Fatima Reis,,2.0,,"Não senti firmeza na Fatima Reis, ela parecia tão nervosa quanto eu."
3920954d,2023-08-13,33,Medo de ladeiras/subidas,Dirigir à noite / Chuva,13,Sueli Lopes,4.0,5.0,Positivo,Perdi totalmente o medo de dirigir graças à escola. Recomendo muito!
c97a340a,2024-11-17,39,Medo de ladeiras/subidas,Controle de embreagem (Subidas),8,Fatima Reis,,3.0,,A escola nunca atende o telefone. Difícil conseguir contato.
861349c1,2025-03-11,38,Falta de prática (anos sem dirigir),Dirigir em rodovias,10,Sueli Lopes,2.0,2.0,Negativo,A Sueli Lopes falava muito da vida pessoal dela e pouco sobre direção.
089aadf7,2023-06-02,28,Ansiedade geral / Pânico,Trânsito intenso (Mudar de faixa),20,Aline dos Santos,5.0,5.0,Positivo,A flexibilidade de horários da escola me ajudou muito.
f1fddacd,2025-05-24,22,Medo de errar e ser julgada,Dirigir à noite / Chuva,12,Sueli Lopes,4.0,5.0,Positivo,Ela me ensinou a dirigir na chuva e à noite. Estou pronta!
c295e783,2024-03-06,23,Medo de errar e ser julgada,Controle de embreagem (Subidas),11,Sueli Lopes,5.0,4.0,Positivo,A Sueli Lopes me ensinou 'macetes' de estacionamento que nenhuma autoescola ensina.
c5e27f30,2024-12-07,44,Insegurança em rodovias/velocidade,Dirigir à noite / Chuva,18,Giovana Cordeiro,4.0,5.0,Positivo,
0f88c001,2023-07-22,38,Medo de ladeiras/subidas,Dirigir à noite / Chuva,10,Fatima Reis,3.0,4.0,Negativo,
15b959f2,2025-01-03,46,Trânsito intenso / Agressividade,Trânsito intenso (Mudar de faixa),6,Fatima Reis,2.0,3.0,Negativo,A escola mudou meu horário em cima da hora várias vezes.
5b70987b,2024-07-03,25,Trauma (acidente anterior),Dirigir em rodovias,8,Sueli Lopes,4.0,4.0,Positivo,Agora sim me sinto habilitada de verdade! Obrigada Sueli Lopes!
dddd8c37,2024-09-03,54,Medo de errar e ser julgada,Dirigir em rodovias,8,Sueli Lopes,4.0,4.0,Positivo,O método de ensino é progressivo e respeita o limite da aluna.
103641ca,2024-04-13,31,Trânsito intenso / Agressividade,Estacionar (Baliza/Vaga de shopping),18,Maria Eduarda,5.0,5.0,Positivo,"Muito profissional, pontual e paciente. Valeu cada centavo."
2bcdb6d7,2025-07-10,46,Trânsito intenso / Agressividade,Estacionar (Baliza/Vaga de shopping),14,Giovana Cordeiro,5.0,4.0,Positivo,A flexibilidade de horários da escola me ajudou muito.
5ceb4573,2023-03-04,54,Trânsito intenso / Agressividade,Dirigir em rodovias,4,Fatima Reis,3.0,4.0,Negativo,Não senti segurança no método da Fatima Reis. Muito fraco.
782a255d,2023-12-19,49,Medo de ladeiras/subidas,Dirigir à noite / Chuva,19,Giovana Cordeiro,4.0,5.0,Positivo,"A comunicação com a escola é fácil, respondem rápido no WhatsApp."
5ee5cd5c,2025-01-10,37,Medo de errar e ser julgada,Dirigir à noite / Chuva,14,Aline dos Santos,4.0,5.0,Positivo,"A Aline dos Santos não gritou, não foi irônica. Foi 100% apoio."
0ddc0dfb,2023-08-30,53,Medo de ladeiras/subidas,Dirigir em rodovias,17,Sueli Lopes,5.0,5.0,Positivo,"Valeu o investimento, hoje tenho minha independência."
4962d340,2024-09-06,51,Medo de ladeiras/subidas,Dirigir em rodovias,17,Aline dos Santos,4.0,4.0,Positivo,O carro com direção hidráulica e ar fez toda a diferença.
8534cd70,2025-07-08,47,Medo de ladeiras/subidas,Dirigir em rodovias,17,Aline dos Santos,4.0,4.0,Positivo,Ela me ensinou a dirigir na chuva e à noite. Estou pronta!
3ded32fc,2024-09-19,47,Falta de prática (anos sem dirigir),Dirigir em rodovias,14,Aline dos Santos,5.0,4.0,Positivo,Finalmente fiz minha rota para o trabalho. Obrigada Aline dos Santos por toda a paciência!
9a8486ac,2024-05-13,25,Trauma (acidente anterior),Dirigir à noite / Chuva,16,Giovana Cordeiro,4.0,4.0,Positivo,Aprendi a dirigir em rodovia e hoje viajo sozinha. Gratidão à Giovana Cordeiro.
a61e2d21,2025-01-13,33,Medo de ladeiras/subidas,Estacionar (Baliza/Vaga de shopping),17,Fatima Reis,5.0,,Positivo,Ela foi muito profissional ao lidar com minha crise de ansiedade na primeira aula.
0508160a,2023-06-07,44,Insegurança em rodovias/velocidade,Trânsito intenso (Mudar de faixa),17,Aline dos Santos,4.0,,Positivo,Recomendo a Aline dos Santos para qualquer pessoa que tenha pânico de dirigir.
6bdac9a5,2024-01-21,27,Ansiedade geral / Pânico,Manobras em geral (Ré),14,Maria Eduarda,4.0,,Positivo,Ela foi muito profissional ao lidar com minha crise de ansiedade na primeira aula.
85cf92fd,2023-09-25,31,Insegurança em rodovias/velocidade,Trânsito intenso (Mudar de faixa),8,Sueli Lopes,5.0,4.0,Positivo,A flexibilidade de horários da escola me ajudou muito.
b2006ff1,2025-03-02,30,Medo de errar e ser julgada,Dirigir em rodovias,6,Maria Eduarda,2.0,3.0,Negativo,A Maria Eduarda parecia impaciente e mexeu no celular durante a aula.
e0214945,2023-04-22,28,Insegurança em rodovias/velocidade,Controle de embreagem (Subidas),9,Sueli Lopes,5.0,4.0,Positivo,
5f15ba6f,2025-05-22,29,Insegurança em rodovias/velocidade,Estacionar (Baliza/Vaga de shopping),18,Maria Eduarda,4.0,5.0,Positivo,Consegui vencer meu trauma. A Maria Eduarda foi fundamental nesse processo.
edbdc2f2,2024-12-30,23,Trauma (acidente anterior),Dirigir em rodovias,10,Aline dos Santos,3.0,3.0,Negativo,O carro falhou duas vezes na subida. Fiquei mais nervosa do que já estava.
8bc81a3a,2024-03-19,52,Medo de ladeiras/subidas,Dirigir em rodovias,7,Maria Eduarda,3.0,3.0,Negativo,Senti que fui enrolada. Fiz 10 aulas e aprendi menos do que em 2 com uma amiga.
258a8bbb,2023-02-28,51,Insegurança em rodovias/velocidade,Trânsito intenso (Mudar de faixa),14,Aline dos Santos,4.0,5.0,Positivo,"Desde a recepção até a instrutora, todos na escola são muito atenciosos."
67469cd6,2024-01-13,22,Insegurança em rodovias/velocidade,Controle de embreagem (Subidas),9,Fatima Reis,,2.0,,Tentei reagendar e o atendimento da escola foi muito inflexível.
53319095,2023-07-14,45,Insegurança em rodovias/velocidade,Manobras em geral (Ré),20,Maria Eduarda,5.0,5.0,Positivo,Ela entendeu exatamente meu medo (ladeiras) e focou nisso até eu me sentir segura.
2df7f9f2,2023-09-30,24,Medo de errar e ser julgada,Manobras em geral (Ré),17,Sueli Lopes,5.0,4.0,Positivo,"A Sueli Lopes não gritou, não foi irônica. Foi 100% apoio."
b4993118,2024-12-31,42,Falta de prática (anos sem dirigir),Manobras em geral (Ré),20,Giovana Cordeiro,4.0,,Positivo,Perdi totalmente o medo de dirigir graças à escola. Recomendo muito!
9f1ab861,2023-12-24,36,Trânsito intenso / Agressividade,Controle de embreagem (Subidas),9,Fatima Reis,1.0,3.0,Negativo,Cancelei uma aula com 24h de antecedência e mesmo assim a escola me cobrou.
79598615,2025-01-15,28,Trânsito intenso / Agressividade,Dirigir à noite / Chuva,20,Sueli Lopes,4.0,5.0,Positivo,"O atendimento da escola foi ótimo, e as aulas com a Sueli Lopes foram perfeitas."
c03a0390,2024-02-06,30,Falta de prática (anos sem dirigir),Dirigir em rodovias,8,Maria Eduarda,4.0,4.0,Positivo,Ela me ensinou a dirigir na chuva e à noite. Estou pronta!
c095a617,2023-07-31,45,Medo de ladeiras/subidas,Manobras em geral (Ré),8,Aline dos Santos,4.0,5.0,Positivo,
2e02fdbe,2024-07-28,26,Falta de prática (anos sem dirigir),Manobras em geral (Ré),14,Giovana Cordeiro,5.0,4.0,Positivo,Ela foi muito profissional ao lidar com minha crise de ansiedade na primeira aula.
46c3f28f,2023-11-05,48,Medo de errar e ser julgada,Dirigir em rodovias,10,Maria Eduarda,4.0,4.0,Positivo,Aprendi a dirigir em rodovia e hoje viajo sozinha. Gratidão à Maria Eduarda.
d4507453,2025-02-24,22,Falta de prática (anos sem dirigir),Dirigir em rodovias,8,Giovana Cordeiro,2.0,2.0,Negativo,A escola mudou meu horário em cima da hora várias vezes.
823e9d5f,2025-05-30,31,Trânsito intenso / Agressividade,Dirigir em rodovias,14,Sueli Lopes,4.0,4.0,Positivo,
4b8179f1,2025-08-09,34,Ansiedade geral / Pânico,Manobras em geral (Ré),20,Maria Eduarda,5.0,5.0,Positivo,Recomendo a Maria Eduarda para qualquer pessoa que tenha pânico de dirigir.
f1cc120b,2023-02-14,30,Insegurança em rodovias/velocidade,Dirigir à noite / Chuva,4,Fatima Reis,1.0,3.0,Negativo,"A Fatima Reis é boa, mas a escola é desorganizada para marcar as aulas."
97ce6cc3,2023-01-01,53,Falta de prática (anos sem dirigir),Controle de embreagem (Subidas),5,Sueli Lopes,3.0,4.0,Negativo,"A instrutora Sueli Lopes criticou como eu segurava o volante o tempo todo, de forma grosseira."
4093c531,2025-06-06,30,Medo de errar e ser julgada,Dirigir em rodovias,14,Aline dos Santos,4.0,4.0,Positivo,
87116f19,2024-09-16,53,Ansiedade geral / Pânico,Controle de embreagem (Subidas),4,Fatima Reis,1.0,2.0,Negativo,A Fatima Reis falava muito da vida pessoal dela e pouco sobre direção.
373a8653,2024-10-28,36,Falta de prática (anos sem dirigir),Controle de embreagem (Subidas),10,Giovana Cordeiro,4.0,4.0,Positivo,
c1514b68,2024-09-18,32,Ansiedade geral / Pânico,Controle de embreagem (Subidas),19,Giovana Cordeiro,4.0,,Positivo,A instrutora Giovana Cordeiro foi incrível! Super paciente e me devolveu a confiança.
fb34ee79,2024-02-15,51,Insegurança em rodovias/velocidade,Dirigir em rodovias,8,Maria Eduarda,4.0,5.0,Positivo,O carro com direção hidráulica e ar fez toda a diferença.
ad139764,2024-04-29,48,Trânsito intenso / Agressividade,Dirigir em rodovias,8,Sueli Lopes,4.0,5.0,Positivo,O carro com direção hidráulica e ar fez toda a diferença.
f6475ca5,2023-12-13,41,Medo de errar e ser julgada,Dirigir à noite / Chuva,8,Maria Eduarda,5.0,,Positivo,
c3ec562f,2023-12-02,43,Insegurança em rodovias/velocidade,Dirigir à noite / Chuva,17,Sueli Lopes,5.0,4.0,Positivo,Recomendo a Sueli Lopes para qualquer pessoa que tenha pânico de dirigir.
16ece05f,2023-02-15,26,Falta de prática (anos sem dirigir),Dirigir à noite / Chuva,13,Maria Eduarda,5.0,5.0,Positivo,Agora sim me sinto habilitada de verdade! Obrigada Maria Eduarda!
a1a06586,2025-04-26,32,Medo de ladeiras/subidas,Dirigir em rodovias,9,Maria Eduarda,4.0,4.0,Positivo,Consegui vencer meu trauma. A Maria Eduarda foi fundamental nesse processo.
5b6ff1a6,2023-02-20,27,Insegurança em rodovias/velocidade,Dirigir em rodovias,10,Maria Eduarda,4.0,4.0,Positivo,A instrutora Maria Eduarda foi incrível! Super paciente e me devolveu a confiança.
878efa59,2024-08-10,22,Falta de prática (anos sem dirigir),Dirigir em rodovias,4,Fatima Reis,1.0,4.0,Negativo,Tentei reagendar e o atendimento da escola foi muito inflexível.
95383172,2024-11-30,33,Falta de prática (anos sem dirigir),Dirigir em rodovias,4,Fatima Reis,3.0,3.0,Negativo,O preço é muito alto pelo que oferece. A aula atrasou 15 minutos.
68b538b0,2024-01-05,46,Insegurança em rodovias/velocidade,Dirigir em rodovias,8,Aline dos Santos,4.0,,Positivo,Ela me ensinou a dirigir na chuva e à noite. Estou pronta!
af07805a,2024-02-26,44,Insegurança em rodovias/velocidade,Controle de embreagem (Subidas),8,Fatima Reis,5.0,,Positivo,Finalmente fiz minha rota para o trabalho. Obrigada Fatima Reis por toda a paciência!
af05a102,2025-05-23,41,Medo de errar e ser julgada,Controle de embreagem (Subidas),20,Giovana Cordeiro,5.0,4.0,Positivo,"O carro da aula era novo, limpo e muito fácil de dirigir."
b2879ddc,2024-06-13,50,Medo de errar e ser julgada,Controle de embreagem (Subidas),9,Giovana Cordeiro,2.0,2.0,Negativo,
5656a7cc,2025-03-26,50,Insegurança em rodovias/velocidade,Dirigir à noite / Chuva,3,Fatima Reis,2.0,2.0,Negativo,"Pedi para treinar em rodovia e a Fatima Reis desconversou, disse que não precisava."
47f46033,2023-04-20,46,Trauma (acidente anterior),Manobras em geral (Ré),13,Sueli Lopes,5.0,4.0,Positivo,"A Sueli Lopes não gritou, não foi irônica. Foi 100% apoio."
c1c5a333,2023-08-27,22,Falta de prática (anos sem dirigir),Dirigir em rodovias,16,Maria Eduarda,4.0,4.0,Positivo,"O atendimento da escola foi ótimo, e as aulas com a Maria Eduarda foram perfeitas."
308fd0c4,2025-03-18,49,Medo de errar e ser julgada,Controle de embreagem (Subidas),8,Fatima Reis,2.0,2.0,Negativo,"Pedi para treinar em rodovia e a Fatima Reis desconversou, disse que não precisava."
c145e2f6,2024-09-15,31,Falta de prática (anos sem dirigir),Dirigir à noite / Chuva,15,Aline dos Santos,5.0,5.0,Positivo,"Desde a recepção até a instrutora, todos na escola são muito atenciosos."
ea99329b,2023-08-28,49,Medo de ladeiras/subidas,Controle de embreagem (Subidas),6,Giovana Cordeiro,2.0,3.0,Negativo,O carro da aula estava com cheiro ruim e parecia sujo.
28d5563e,2023-08-18,35,Trauma (acidente anterior),Estacionar (Baliza/Vaga de shopping),3,Fatima Reis,3.0,4.0,Negativo,
2030fa72,2024-12-30,43,Ansiedade geral / Pânico,Trânsito intenso (Mudar de faixa),19,Sueli Lopes,5.0,5.0,Positivo,
eb147f88,2025-08-11,44,Medo de ladeiras/subidas,Dirigir em rodovias,16,Giovana Cordeiro,5.0,4.0,Positivo,
e7bb8740,2024-09-10,31,Trauma (acidente anterior),Estacionar (Baliza/Vaga de shopping),18,Giovana Cordeiro,5.0,5.0,Positivo,"A instrutora Giovana Cordeiro é calma, simpática e passa muita tranquilidade."
b6507035,2023-11-05,23,Trauma (acidente anterior),Estacionar (Baliza/Vaga de shopping),19,Maria Eduarda,,5.0,,"Muito profissional, pontual e paciente. Valeu cada centavo."
ba4125f9,2024-12-27,49,Falta de prática (anos sem dirigir),Controle de embreagem (Subidas),16,Sueli Lopes,5.0,5.0,Positivo,
3cde4639,2024-12-05,25,Falta de prática (anos sem dirigir),Trânsito intenso (Mudar de faixa),18,Giovana Cordeiro,4.0,4.0,Positivo,
915f2c71,2024-09-10,53,Medo de errar e ser julgada,Estacionar (Baliza/Vaga de shopping),13,Giovana Cordeiro,4.0,4.0,Positivo,"Valeu o investimento, hoje tenho minha independência."
e37edc40,2023-12-11,23,Ansiedade geral / Pânico,Dirigir em rodovias,17,Sueli Lopes,4.0,5.0,Positivo,A flexibilidade de horários da escola me ajudou muito.
680205a9,2024-10-11,50,Medo de ladeiras/subidas,Controle de embreagem (Subidas),19,Giovana Cordeiro,5.0,4.0,Positivo,
76778096,2023-02-25,40,Trânsito intenso / Agressividade,Manobras em geral (Ré),9,Sueli Lopes,4.0,5.0,Positivo,"Didática excelente da Sueli Lopes, me senti segura desde a primeira aula."
7f99f1aa,2025-05-03,27,Falta de prática (anos sem dirigir),Manobras em geral (Ré),16,Aline dos Santos,4.0,5.0,Positivo,Finalmente fiz minha rota para o trabalho. Obrigada Aline dos Santos por toda a paciência!
6c7d9873,2024-08-14,32,Medo de errar e ser julgada,Manobras em geral (Ré),10,Fatima Reis,2.0,,Negativo,Não senti segurança no método da Fatima Reis. Muito fraco.
5ada500a,2024-11-03,24,Ansiedade geral / Pânico,Trânsito intenso (Mudar de faixa),7,Maria Eduarda,3.0,3.0,Negativo,O preço é muito alto pelo que oferece. A aula atrasou 15 minutos.
a9995acf,2025-09-19,24,Ansiedade geral / Pânico,Dirigir à noite / Chuva,14,Sueli Lopes,4.0,5.0,Positivo,"Valeu o investimento, hoje tenho minha independência."
95811465,2025-09-07,39,Medo de errar e ser julgada,Dirigir em rodovias,8,Aline dos Santos,4.0,5.0,Positivo,A instrutora Aline dos Santos me deu dicas que vou levar para a vida.
d21c91a5,2025-02-07,50,Trânsito intenso / Agressividade,Dirigir à noite / Chuva,17,Fatima Reis,4.0,4.0,Positivo,
cdd6bd6c,2025-08-02,46,Insegurança em rodovias/velocidade,Dirigir em rodovias,14,Maria Eduarda,5.0,4.0,Positivo,"A instrutora Maria Eduarda é calma, simpática e passa muita tranquilidade."
cbb43a14,2025-04-28,44,Trauma (acidente anterior),Controle de embreagem (Subidas),15,Giovana Cordeiro,5.0,4.0,Positivo,"O carro da aula era novo, limpo e muito fácil de dirigir."
b8e5558f,2024-01-07,30,Insegurança em rodovias/velocidade,Dirigir em rodovias,13,Maria Eduarda,5.0,5.0,Positivo,Finalmente fiz minha rota para o trabalho. Obrigada Maria Eduarda por toda a paciência!
6c02fe35,2025-03-19,42,Insegurança em rodovias/velocidade,Dirigir em rodovias,6,Fatima Reis,3.0,3.0,Negativo,A Fatima Reis parecia impaciente e mexeu no celular durante a aula.
58349037,2024-03-12,52,Ansiedade geral / Pânico,Dirigir em rodovias,20,Giovana Cordeiro,5.0,4.0,Positivo,"Muito profissional, pontual e paciente. Valeu cada centavo."
7a9e6d94,2024-09-28,54,Medo de errar e ser julgada,Dirigir em rodovias,15,Giovana Cordeiro,4.0,4.0,Positivo,O carro com direção hidráulica e ar fez toda a diferença.
06ce3719,2024-05-03,54,Trânsito intenso / Agressividade,Dirigir em rodovias,15,Maria Eduarda,5.0,4.0,Positivo,"Achei que nunca mais ia dirigir, mas o método da Maria Eduarda funciona. Estou feliz!"
ec04dce9,2023-10-27,28,Falta de prática (anos sem dirigir),Manobras em geral (Ré),6,Fatima Reis,2.0,4.0,Negativo,A Fatima Reis falava muito da vida pessoal dela e pouco sobre direção.
318bc906,2024-12-31,39,Falta de prática (anos sem dirigir),Dirigir à noite / Chuva,20,Aline dos Santos,5.0,4.0,Positivo,"O carro da aula era novo, limpo e muito fácil de dirigir."
60ee436b,2023-01-04,27,Ansiedade geral / Pânico,Dirigir em rodovias,20,Giovana Cordeiro,5.0,5.0,Positivo,Recomendo a Giovana Cordeiro para qualquer pessoa que tenha pânico de dirigir.
12c83590,2023-01-31,36,Trânsito intenso / Agressividade,Manobras em geral (Ré),9,Fatima Reis,3.0,4.0,Negativo,Não senti segurança no método da Fatima Reis. Muito fraco.
c4e0ea13,2024-09-27,31,Trânsito intenso / Agressividade,Dirigir à noite / Chuva,19,Giovana Cordeiro,5.0,4.0,Positivo,Agora sim me sinto habilitada de verdade! Obrigada Giovana Cordeiro!
d72e3f12,2023-10-08,24,Medo de ladeiras/subidas,Manobras em geral (Ré),13,Aline dos Santos,4.0,4.0,Positivo,"A comunicação com a escola é fácil, respondem rápido no WhatsApp."
432f8f73,2023-01-29,37,Trânsito intenso / Agressividade,Controle de embreagem (Subidas),9,Aline dos Santos,4.0,,Positivo,O carro com direção hidráulica e ar fez toda a diferença.
f4ba44ae,2023-09-20,31,Insegurança em rodovias/velocidade,Controle de embreagem (Subidas),8,Fatima Reis,,5.0,,"Achei que nunca mais ia dirigir, mas o método da Fatima Reis funciona. Estou feliz!"
635e2138,2023-08-25,35,Medo de errar e ser julgada,Controle de embreagem (Subidas),7,Sueli Lopes,3.0,2.0,Negativo,"Não senti firmeza na Sueli Lopes, ela parecia tão nervosa quanto eu."
5c429581,2025-08-14,52,Ansiedade geral / Pânico,Dirigir à noite / Chuva,11,Giovana Cordeiro,5.0,5.0,Positivo,"A comunicação com a escola é fácil, respondem rápido no WhatsApp."
770edf6a,2024-05-03,22,Insegurança em rodovias/velocidade,Dirigir à noite / Chuva,16,Sueli Lopes,4.0,5.0,Positivo,
f746a301,2023-03-16,23,Medo de ladeiras/subidas,Trânsito intenso (Mudar de faixa),18,Aline dos Santos,5.0,5.0,Positivo,Consegui vencer meu trauma. A Aline dos Santos foi fundamental nesse processo.
9ead1989,2025-04-08,52,Insegurança em rodovias/velocidade,Dirigir em rodovias,10,Fatima Reis,2.0,3.0,Negativo,Tentei reagendar e o atendimento da escola foi muito inflexível.
a330a648,2024-07-26,28,Insegurança em rodovias/velocidade,Dirigir em rodovias,19,Fatima Reis,4.0,5.0,Positivo,Excelente didática. Agora consigo estacionar e andar no trânsito sem ansiedade.
4f310943,2024-11-25,47,Trauma (acidente anterior),Controle de embreagem (Subidas),13,Giovana Cordeiro,5.0,5.0,Positivo,"Aulas focadas no que eu realmente precisava, sem enrolação."
4315798d,2025-08-11,29,Medo de errar e ser julgada,Manobras em geral (Ré),3,Fatima Reis,1.0,2.0,Negativo,Terminei o pacote de aulas me sentindo mais insegura do que comecei.
c3d7cd39,2023-12-11,37,Falta de prática (anos sem dirigir),Dirigir em rodovias,20,Sueli Lopes,4.0,5.0,Positivo,Fiz a aula no meu próprio carro e foi ótimo para eu pegar confiança nele.
7358b4fe,2023-10-22,40,Ansiedade geral / Pânico,Dirigir à noite / Chuva,8,Maria Eduarda,4.0,,Positivo,Consegui vencer meu trauma. A Maria Eduarda foi fundamental nesse processo.
8b5024b0,2023-05-11,45,Falta de prática (anos sem dirigir),Dirigir em rodovias,14,Maria Eduarda,5.0,4.0,Positivo,"Desde a recepção até a instrutora, todos na escola são muito atenciosos."
6510182b,2023-05-10,32,Trânsito intenso / Agressividade,Trânsito intenso (Mudar de faixa),14,Sueli Lopes,4.0,5.0,Positivo,"Desde a recepção até a instrutora, todos na escola são muito atenciosos."
30f0ace5,2025-03-04,35,Falta de prática (anos sem dirigir),Estacionar (Baliza/Vaga de shopping),14,Maria Eduarda,5.0,4.0,Positivo,A instrutora Maria Eduarda tem uma energia ótima e tornou as aulas leves e divertidas.
6684bda8,2024-12-06,35,Trauma (acidente anterior),Dirigir à noite / Chuva,20,Giovana Cordeiro,,4.0,,Recomendo a Giovana Cordeiro para qualquer pessoa que tenha pânico de dirigir.
1fecbb17,2024-03-12,51,Insegurança em rodovias/velocidade,Trânsito intenso (Mudar de faixa),11,Maria Eduarda,5.0,5.0,Positivo,Aprendi a dirigir em rodovia e hoje viajo sozinha. Gratidão à Maria Eduarda.
168c8311,2023-05-30,37,Insegurança em rodovias/velocidade,Manobras em geral (Ré),12,Aline dos Santos,,4.0,,Ela entendeu exatamente meu medo (ladeiras) e focou nisso até eu me sentir segura.
70e8dd7c,2023-04-05,40,Trauma (acidente anterior),Dirigir à noite / Chuva,9,Maria Eduarda,5.0,4.0,Positivo,Perdi totalmente o medo de dirigir graças à escola. Recomendo muito!
a122041f,2024-09-23,23,Trânsito intenso / Agressividade,Trânsito intenso (Mudar de faixa),13,Giovana Cordeiro,4.0,4.0,Positivo,Ela entendeu exatamente meu medo (ladeiras) e focou nisso até eu me sentir segura.
9e127aa7,2023-10-06,47,Trauma (acidente anterior),Manobras em geral (Ré),14,Aline dos Santos,5.0,4.0,Positivo,"Em apenas 5 aulas com a Aline dos Santos, minha evolução foi gigantesca."
3c99120a,2023-10-04,45,Medo de ladeiras/subidas,Dirigir em rodovias,16,Aline dos Santos,5.0,5.0,Positivo,A flexibilidade de horários da escola me ajudou muito.
3788986d,2025-03-31,37,Insegurança em rodovias/velocidade,Controle de embreagem (Subidas),8,Fatima Reis,1.0,2.0,Negativo,"Ela não teve paciência com meu trauma, só queria que eu acelerasse."
46f491e3,2023-01-17,43,Insegurança em rodovias/velocidade,Dirigir à noite / Chuva,13,Sueli Lopes,5.0,4.0,Positivo,A instrutora Sueli Lopes foi incrível! Super paciente e me devolveu a confiança.
c43088a6,2024-08-13,23,Medo de errar e ser julgada,Dirigir em rodovias,14,Giovana Cordeiro,4.0,,Positivo,Perdi totalmente o medo de dirigir graças à escola. Recomendo muito!
892ebaba,2025-01-01,48,Insegurança em rodovias/velocidade,Dirigir à noite / Chuva,17,Giovana Cordeiro,4.0,4.0,Positivo,A instrutora Giovana Cordeiro me deu dicas que vou levar para a vida.
cd1d5750,2024-06-16,30,Medo de errar e ser julgada,Manobras em geral (Ré),15,Maria Eduarda,4.0,5.0,Positivo,"Valeu o investimento, hoje tenho minha independência."
341f5802,2024-01-10,40,Trânsito intenso / Agressividade,Dirigir em rodovias,20,Giovana Cordeiro,4.0,5.0,Positivo,"Valeu o investimento, hoje tenho minha independência."
9584c193,2023-10-07,34,Medo de ladeiras/subidas,Controle de embreagem (Subidas),6,Fatima Reis,2.0,2.0,Negativo,A Fatima Reis falava muito da vida pessoal dela e pouco sobre direção.
bd6865ee,2024-12-08,23,Trauma (acidente anterior),Controle de embreagem (Subidas),4,Fatima Reis,3.0,4.0,Negativo,
2158ba7c,2024-07-08,26,Trauma (acidente anterior),Trânsito intenso (Mudar de faixa),6,Fatima Reis,,4.0,,A Fatima Reis parecia impaciente e mexeu no celular durante a aula.
ebcd6eca,2023-04-21,51,Trânsito intenso / Agressividade,Estacionar (Baliza/Vaga de shopping),8,Sueli Lopes,,4.0,,Aprendi a dirigir em rodovia e hoje viajo sozinha. Gratidão à Sueli Lopes.
667e472c,2025-02-19,28,Falta de prática (anos sem dirigir),Controle de embreagem (Subidas),9,Fatima Reis,2.0,2.0,Negativo,"Paguei por 60 minutos, mas a aula com a Fatima Reis terminou 10 minutos antes."
11d00a9e,2024-03-19,42,Trauma (acidente anterior),Trânsito intenso (Mudar de faixa),17,Fatima Reis,5.0,5.0,Positivo,Finalmente fiz minha rota para o trabalho. Obrigada Fatima Reis por toda a paciência!
76d04fd6,2025-03-29,47,Insegurança em rodovias/velocidade,Dirigir em rodovias,14,Sueli Lopes,,4.0,,A Sueli Lopes me ensinou 'macetes' de estacionamento que nenhuma autoescola ensina.
0290c2dd,2025-01-27,46,Ansiedade geral / Pânico,Trânsito intenso (Mudar de faixa),14,Maria Eduarda,4.0,4.0,Positivo,"Em apenas 5 aulas com a Maria Eduarda, minha evolução foi gigantesca."
cb06d4fd,2023-12-06,33,Medo de ladeiras/subidas,Manobras em geral (Ré),10,Maria Eduarda,3.0,2.0,Negativo,"Ela não me ensinou a estacionar direito, só ficamos andando pelo bairro."
6e3217fe,2023-07-21,45,Medo de ladeiras/subidas,Trânsito intenso (Mudar de faixa),19,Aline dos Santos,5.0,5.0,Positivo,A flexibilidade de horários da escola me ajudou muito.
8212af9c,2025-08-06,43,Insegurança em rodovias/velocidade,Dirigir à noite / Chuva,18,Giovana Cordeiro,5.0,4.0,Positivo,O método de ensino é progressivo e respeita o limite da aluna.
7651f5a0,2023-10-22,36,Insegurança em rodovias/velocidade,Estacionar (Baliza/Vaga de shopping),10,Maria Eduarda,5.0,4.0,Positivo,"O atendimento da escola foi ótimo, e as aulas com a Maria Eduarda foram perfeitas."
eccdba01,2023-01-17,33,Trânsito intenso / Agressividade,Estacionar (Baliza/Vaga de shopping),10,Fatima Reis,1.0,,Negativo,"A instrutora Fatima Reis criticou como eu segurava o volante o tempo todo, de forma grosseira."
2952a913,2025-07-13,33,Falta de prática (anos sem dirigir),Trânsito intenso (Mudar de faixa),11,Fatima Reis,4.0,5.0,Positivo,"Aulas focadas no que eu realmente precisava, sem enrolação."
bcccda68,2025-06-18,49,Trânsito intenso / Agressividade,Trânsito intenso (Mudar de faixa),17,Sueli Lopes,5.0,4.0,Positivo,"Aulas focadas no que eu realmente precisava, sem enrolação."
5aa6596e,2025-01-26,28,Ansiedade geral / Pânico,Trânsito intenso (Mudar de faixa),13,Maria Eduarda,5.0,4.0,Positivo,
f5545efc,2024-08-22,43,Ansiedade geral / Pânico,Trânsito intenso (Mudar de faixa),8,Giovana Cordeiro,4.0,5.0,Positivo,Ela me ensinou a dirigir na chuva e à noite. Estou pronta!
af227ee7,2023-07-08,22,Insegurança em rodovias/velocidade,Dirigir em rodovias,9,Aline dos Santos,5.0,5.0,Positivo,
d055e81c,2023-05-20,53,Trânsito intenso / Agressividade,Dirigir em rodovias,5,Fatima Reis,1.0,2.0,Negativo,O carro da aula estava com cheiro ruim e parecia sujo.
45084a2b,2024-01-21,43,Trauma (acidente anterior),Controle de embreagem (Subidas),19,Maria Eduarda,5.0,4.0,Positivo,
b4309c80,2025-01-15,49,Ansiedade geral / Pânico,Trânsito intenso (Mudar de faixa),7,Aline dos Santos,3.0,4.0,Negativo,
7ebcd454,2024-11-16,24,Medo de ladeiras/subidas,Trânsito intenso (Mudar de faixa),12,Sueli Lopes,5.0,4.0,Positivo,
1cca5a38,2025-02-17,38,Falta de prática (anos sem dirigir),Controle de embreagem (Subidas),18,Fatima Reis,4.0,4.0,Positivo,
08d44b2e,2025-01-25,25,Trânsito intenso / Agressividade,Estacionar (Baliza/Vaga de shopping),10,Maria Eduarda,5.0,4.0,Positivo,O carro com direção hidráulica e ar fez toda a diferença.
05314048,2025-03-17,40,Trânsito intenso / Agressividade,Dirigir à noite / Chuva,10,Giovana Cordeiro,4.0,4.0,Positivo,Ela foi muito profissional ao lidar com minha crise de ansiedade na primeira aula.
dff79b27,2023-07-29,29,Falta de prática (anos sem dirigir),Controle de embreagem (Subidas),14,Maria Eduarda,5.0,5.0,Positivo,Finalmente fiz minha rota para o trabalho. Obrigada Maria Eduarda por toda a paciência!
b7a1c991,2025-04-14,52,Falta de prática (anos sem dirigir),Dirigir à noite / Chuva,13,Maria Eduarda,,5.0,,A instrutora Maria Eduarda foi incrível! Super paciente e me devolveu a confiança.
9ef6211b,2023-12-23,45,Medo de ladeiras/subidas,Controle de embreagem (Subidas),10,Sueli Lopes,4.0,4.0,Positivo,A instrutora Sueli Lopes foi incrível! Super paciente e me devolveu a confiança.
99edbf00,2024-05-04,33,Falta de prática (anos sem dirigir),Manobras em geral (Ré),13,Fatima Reis,4.0,5.0,Positivo,"Valeu o investimento, hoje tenho minha independência."
969d3350,2025-05-11,28,Trânsito intenso / Agressividade,Dirigir à noite / Chuva,10,Maria Eduarda,4.0,5.0,Positivo,
2dfb256c,2024-11-11,49,Ansiedade geral / Pânico,Dirigir em rodovias,15,Maria Eduarda,5.0,4.0,Positivo,"A instrutora Maria Eduarda é calma, simpática e passa muita tranquilidade."
532db0a9,2023-03-12,35,Trânsito intenso / Agressividade,Dirigir em rodovias,9,Sueli Lopes,5.0,,Positivo,
85c08a4a,2023-01-13,34,Ansiedade geral / Pânico,Controle de embreagem (Subidas),19,Maria Eduarda,4.0,4.0,Positivo,Finalmente fiz minha rota para o trabalho. Obrigada Maria Eduarda por toda a paciência!
50195a2e,2023-02-14,38,Insegurança em rodovias/velocidade,Estacionar (Baliza/Vaga de shopping),18,Sueli Lopes,5.0,5.0,Positivo,Ela entendeu exatamente meu medo (ladeiras) e focou nisso até eu me sentir segura.
2524ffef,2023-03-11,33,Medo de errar e ser julgada,Dirigir em rodovias,3,Maria Eduarda,3.0,2.0,Negativo,O carro que usei na aula era muito velho e a direção era dura.
d0ae66e1,2025-04-13,22,Ansiedade geral / Pânico,Dirigir em rodovias,15,Giovana Cordeiro,5.0,4.0,Positivo,Finalmente fiz minha rota para o trabalho. Obrigada Giovana Cordeiro por toda a paciência!
f968151f,2023-12-27,42,Medo de ladeiras/subidas,Dirigir à noite / Chuva,19,Maria Eduarda,4.0,4.0,Positivo,Consegui vencer meu trauma. A Maria Eduarda foi fundamental nesse processo.
8873b7fa,2025-03-17,37,Trânsito intenso / Agressividade,Trânsito intenso (Mudar de faixa),9,Maria Eduarda,5.0,4.0,Positivo,"Aulas focadas no que eu realmente precisava, sem enrolação."
5325494b,2023-02-22,26,Medo de ladeiras/subidas,Dirigir em rodovias,6,Fatima Reis,,,,"O ar-condicionado do carro estava quebrado, foi horrível dirigir no calor."
cb4db74a,2025-10-31,51,Trânsito intenso / Agressividade,Trânsito intenso (Mudar de faixa),16,Maria Eduarda,4.0,5.0,Positivo,"A comunicação com a escola é fácil, respondem rápido no WhatsApp."
e7c52611,2023-02-24,43,Ansiedade geral / Pânico,Estacionar (Baliza/Vaga de shopping),12,Maria Eduarda,4.0,4.0,Positivo,"O atendimento da escola foi ótimo, e as aulas com a Maria Eduarda foram perfeitas."
8333d5eb,2023-06-21,36,Trauma (acidente anterior),Estacionar (Baliza/Vaga de shopping),9,Sueli Lopes,5.0,4.0,Positivo,
8e34830d,2025-11-02,43,Insegurança em rodovias/velocidade,Controle de embreagem (Subidas),16,Sueli Lopes,4.0,5.0,Positivo,Fiz a aula no meu próprio carro e foi ótimo para eu pegar confiança nele.
31ec4711,2023-08-28,47,Trânsito intenso / Agressividade,Dirigir à noite / Chuva,15,Giovana Cordeiro,4.0,5.0,Positivo,A instrutora Giovana Cordeiro tem uma energia ótima e tornou as aulas leves e divertidas.
24b95ab8,2023-03-04,48,Insegurança em rodovias/velocidade,Dirigir em rodovias,9,Sueli Lopes,4.0,4.0,Positivo,Agora sim me sinto habilitada de verdade! Obrigada Sueli Lopes!
ec881e3c,2023-11-19,44,Insegurança em rodovias/velocidade,Trânsito intenso (Mudar de faixa),18,Aline dos Santos,4.0,4.0,Positivo,Excelente didática. Agora consigo estacionar e andar no trânsito sem ansiedade.
865cf710,2025-09-22,51,Trânsito intenso / Agressividade,Dirigir à noite / Chuva,19,Maria Eduarda,,5.0,,"Muito profissional, pontual e paciente. Valeu cada centavo."
86514f2b,2024-02-02,43,Falta de prática (anos sem dirigir),Dirigir à noite / Chuva,17,Sueli Lopes,5.0,,Positivo,Recomendo a Sueli Lopes para qualquer pessoa que tenha pânico de dirigir.
289dc885,2024-04-06,24,Medo de errar e ser julgada,Dirigir em rodovias,7,Fatima Reis,3.0,4.0,Negativo,"Pedi para treinar em rodovia e a Fatima Reis desconversou, disse que não precisava."
6eb6dad0,2025-09-02,36,Medo de errar e ser julgada,Controle de embreagem (Subidas),4,Giovana Cordeiro,2.0,,Negativo,Não gostei da abordagem. Parecia que ela estava com pressa para terminar a aula.
878f46a9,2023-03-27,38,Medo de ladeiras/subidas,Manobras em geral (Ré),15,Giovana Cordeiro,5.0,5.0,Positivo,Finalmente fiz minha rota para o trabalho. Obrigada Giovana Cordeiro por toda a paciência!
ec6aee0a,2023-02-17,55,Falta de prática (anos sem dirigir),Trânsito intenso (Mudar de faixa),13,Aline dos Santos,,4.0,,"Em apenas 5 aulas com a Aline dos Santos, minha evolução foi gigantesca."
1b65eef7,2023-01-28,50,Insegurança em rodovias/velocidade,Dirigir em rodovias,18,Sueli Lopes,5.0,5.0,Positivo,Consegui vencer meu trauma. A Sueli Lopes foi fundamental nesse processo.
e2902b65,2025-04-08,28,Ansiedade geral / Pânico,Manobras em geral (Ré),3,Fatima Reis,3.0,2.0,Negativo,Terminei o pacote de aulas me sentindo mais insegura do que comecei.
115ed438,2025-04-19,46,Medo de ladeiras/subidas,Trânsito intenso (Mudar de faixa),13,Giovana Cordeiro,4.0,,Positivo,Ela me ensinou a dirigir na chuva e à noite. Estou pronta!
b40efe68,2024-06-09,42,Ansiedade geral / Pânico,Manobras em geral (Ré),5,Fatima Reis,3.0,2.0,Negativo,"A didática da Fatima Reis era confusa, ela falava muito rápido."
853ff306,2023-10-06,32,Medo de errar e ser julgada,Trânsito intenso (Mudar de faixa),9,Fatima Reis,3.0,2.0,Negativo,Não gostei da abordagem. Parecia que ela estava com pressa para terminar a aula.
2efe3f59,2025-06-28,30,Trânsito intenso / Agressividade,Estacionar (Baliza/Vaga de shopping),18,Aline dos Santos,4.0,4.0,Positivo,A instrutora Aline dos Santos tem uma energia ótima e tornou as aulas leves e divertidas.
fe70dbc2,2023-11-05,42,Insegurança em rodovias/velocidade,Estacionar (Baliza/Vaga de shopping),14,Maria Eduarda,5.0,5.0,Positivo,"Desde a recepção até a instrutora, todos na escola são muito atenciosos."
9e103a13,2023-02-17,28,Medo de ladeiras/subidas,Manobras em geral (Ré),16,Sueli Lopes,4.0,5.0,Positivo,A instrutora Sueli Lopes tem uma energia ótima e tornou as aulas leves e divertidas.
7b215570,2025-05-12,53,Ansiedade geral / Pânico,Dirigir em rodovias,17,Aline dos Santos,4.0,5.0,Positivo,Agora sim me sinto habilitada de verdade! Obrigada Aline dos Santos!
b5867927,2025-07-16,50,Trânsito intenso / Agressividade,Dirigir em rodovias,19,Giovana Cordeiro,,5.0,,"Achei que nunca mais ia dirigir, mas o método da Giovana Cordeiro funciona. Estou feliz!"
91c97843,2024-02-08,28,Trauma (acidente anterior),Dirigir à noite / Chuva,15,Fatima Reis,5.0,4.0,Positivo,"A Fatima Reis não gritou, não foi irônica. Foi 100% apoio."
4ec9c5f7,2023-01-30,34,Trauma (acidente anterior),Dirigir à noite / Chuva,10,Giovana Cordeiro,5.0,4.0,Positivo,Ela foi muito profissional ao lidar com minha crise de ansiedade na primeira aula.
7bf2f3d3,2024-09-06,25,Medo de ladeiras/subidas,Manobras em geral (Ré),20,Giovana Cordeiro,5.0,4.0,Positivo,"Aulas focadas no que eu realmente precisava, sem enrolação."
bea3ee8f,2024-08-16,31,Insegurança em rodovias/velocidade,Trânsito intenso (Mudar de faixa),19,Maria Eduarda,4.0,4.0,Positivo,Excelente didática. Agora consigo estacionar e andar no trânsito sem ansiedade.
d0361724,2024-01-29,52,Medo de ladeiras/subidas,Estacionar (Baliza/Vaga de shopping),20,Maria Eduarda,5.0,5.0,Positivo,Finalmente fiz minha rota para o trabalho. Obrigada Maria Eduarda por toda a paciência!
cd54135d,2024-11-18,31,Ansiedade geral / Pânico,Manobras em geral (Ré),13,Giovana Cordeiro,4.0,5.0,Positivo,Ela entendeu exatamente meu medo (ladeiras) e focou nisso até eu me sentir segura.
9c9e47fa,2023-07-18,24,Ansiedade geral / Pânico,Estacionar (Baliza/Vaga de shopping),9,Fatima Reis,2.0,2.0,Negativo,Não senti segurança no método da Fatima Reis. Muito fraco.
6f62126d,2024-01-30,26,Ansiedade geral / Pânico,Trânsito intenso (Mudar de faixa),10,Fatima Reis,3.0,4.0,Negativo,Instrutora Fatima Reis chegou atrasada e não pareceu se importar.
9fbcc52a,2024-05-09,49,Trauma (acidente anterior),Controle de embreagem (Subidas),12,Maria Eduarda,4.0,4.0,Positivo,Finalmente fiz minha rota para o trabalho. Obrigada Maria Eduarda por toda a paciência!
dea3a29e,2024-07-29,29,Insegurança em rodovias/velocidade,Controle de embreagem (Subidas),10,Giovana Cordeiro,5.0,4.0,Positivo,"Muito profissional, pontual e paciente. Valeu cada centavo."
a1c29a3d,2025-02-25,41,Falta de prática (anos sem dirigir),Trânsito intenso (Mudar de faixa),3,Fatima Reis,2.0,2.0,Negativo,Não senti que evoluí. A Fatima Reis não entendeu meu medo real.
ee33981d,2024-06-17,24,Medo de errar e ser julgada,Dirigir em rodovias,16,Sueli Lopes,4.0,5.0,Positivo,
79aa40f8,2024-11-12,34,Medo de errar e ser julgada,Dirigir à noite / Chuva,7,Fatima Reis,3.0,2.0,Negativo,Cancelei uma aula com 24h de antecedência e mesmo assim a escola me cobrou.
e2451465,2025-02-04,31,Falta de prática (anos sem dirigir),Controle de embreagem (Subidas),14,Aline dos Santos,5.0,5.0,Positivo,
2448df60,2024-10-27,30,Medo de errar e ser julgada,Dirigir em rodovias,12,Giovana Cordeiro,4.0,4.0,Positivo,Ela foi muito profissional ao lidar com minha crise de ansiedade na primeira aula.
bad96aa1,2023-05-27,37,Medo de errar e ser julgada,Estacionar (Baliza/Vaga de shopping),12,Giovana Cordeiro,5.0,5.0,Positivo,Finalmente fiz minha rota para o trabalho. Obrigada Giovana Cordeiro por toda a paciência!
6b179420,2024-08-13,23,Falta de prática (anos sem dirigir),Controle de embreagem (Subidas),10,Aline dos Santos,5.0,4.0,Positivo,"Valeu o investimento, hoje tenho minha independência."
604a27e9,2023-04-25,54,Ansiedade geral / Pânico,Estacionar (Baliza/Vaga de shopping),18,Giovana Cordeiro,4.0,5.0,Positivo,"Achei que nunca mais ia dirigir, mas o método da Giovana Cordeiro funciona. Estou feliz!"
921c9359,2024-07-03,26,Medo de ladeiras/subidas,Estacionar (Baliza/Vaga de shopping),9,Aline dos Santos,3.0,2.0,Negativo,
7b8bb41a,2025-03-10,26,Medo de errar e ser julgada,Dirigir à noite / Chuva,13,Maria Eduarda,5.0,5.0,Positivo,O carro com direção hidráulica e ar fez toda a diferença.
2cdc28e2,2025-06-23,22,Trânsito intenso / Agressividade,Manobras em geral (Ré),14,Aline dos Santos,5.0,5.0,Positivo,
0d8a757a,2024-04-15,41,Trauma (acidente anterior),Manobras em geral (Ré),9,Sueli Lopes,4.0,5.0,Positivo,Ela entendeu exatamente meu medo (ladeiras) e focou nisso até eu me sentir segura.
ff65aa6b,2024-04-29,23,Medo de errar e ser julgada,Estacionar (Baliza/Vaga de shopping),19,Aline dos Santos,5.0,4.0,Positivo,A instrutora Aline dos Santos me deu dicas que vou levar para a vida.
5c753f01,2024-09-12,39,Medo de errar e ser julgada,Trânsito intenso (Mudar de faixa),13,Giovana Cordeiro,4.0,4.0,Positivo,
666258f4,2023-08-20,30,Medo de errar e ser julgada,Dirigir em rodovias,14,Aline dos Santos,4.0,5.0,Positivo,
828bb548,2024-06-22,37,Medo de ladeiras/subidas,Trânsito intenso (Mudar de faixa),17,Giovana Cordeiro,5.0,5.0,Positivo,Aprendi a dirigir em rodovia e hoje viajo sozinha. Gratidão à Giovana Cordeiro.
6c31b1bb,2025-06-26,44,Medo de errar e ser julgada,Manobras em geral (Ré),11,Maria Eduarda,5.0,5.0,Positivo,O método de ensino é progressivo e respeita o limite da aluna.
f23cab93,2023-04-15,54,Insegurança em rodovias/velocidade,Trânsito intenso (Mudar de faixa),16,Maria Eduarda,5.0,5.0,Positivo,
8c14b7ba,2025-01-12,41,Falta de prática (anos sem dirigir),Estacionar (Baliza/Vaga de shopping),13,Giovana Cordeiro,,4.0,,"Muito profissional, pontual e paciente. Valeu cada centavo."
ea7bc003,2023-02-02,54,Trânsito intenso / Agressividade,Trânsito intenso (Mudar de faixa),11,Sueli Lopes,5.0,5.0,Positivo,
e290bc3b,2023-02-13,31,Trauma (acidente anterior),Dirigir em rodovias,11,Giovana Cordeiro,5.0,4.0,Positivo,Fiz a aula no meu próprio carro e foi ótimo para eu pegar confiança nele.
f0baec90,2023-05-31,41,Medo de ladeiras/subidas,Dirigir em rodovias,4,Fatima Reis,3.0,2.0,Negativo,"A Fatima Reis é boa, mas a escola é desorganizada para marcar as aulas."
a17da029,2025-05-19,39,Trânsito intenso / Agressividade,Estacionar (Baliza/Vaga de shopping),9,Sueli Lopes,5.0,4.0,Positivo,
